Datetime,Close,High,Low,Open,Volume
2026-06-01 09:45:00,385.0,385.0,385.0,385.0,0
2026-06-01 10:00:00,397.75,397.75,385.0,385.25,6737894
2026-06-01 10:15:00,391.75,398.25,391.0,397.5,2322889
2026-06-01 10:30:00,387.75,392.5,387.0,391.5,1347367
2026-06-01 10:45:00,388.5,389.25,387.25,387.75,577948
2026-06-01 11:00:00,388.5,389.75,386.75,388.5,1060839
2026-06-01 11:15:00,387.0,388.5,386.0,388.5,678093
2026-06-01 11:30:00,386.25,387.75,386.0,387.0,355733
2026-06-01 11:45:00,387.0,387.5,385.75,386.25,377506
2026-06-01 12:00:00,387.5,387.75,386.25,387.0,299117
2026-06-01 12:15:00,386.5,387.5,385.5,387.5,342097
2026-06-01 12:30:00,388.0,388.25,386.0,386.25,406742
2026-06-01 12:45:00,387.5,389.0,387.25,388.0,498870
2026-06-01 13:00:00,387.75,388.5,387.25,387.5,194771
2026-06-01 13:15:00,387.5,388.0,387.25,387.75,170014
2026-06-01 13:30:00,387.0,388.0,386.75,387.75,255815
2026-06-01 13:45:00,386.75,387.75,386.5,387.0,188161
2026-06-01 14:00:00,387.5,388.25,386.75,387.0,334567
2026-06-01 14:15:00,388.75,389.0,386.75,387.5,466715
2026-06-01 14:30:00,389.0,390.75,388.25,388.75,776956
2026-06-01 14:45:00,387.5,389.0,387.25,389.0,298989
2026-06-01 15:00:00,386.75,388.0,386.0,387.5,582811
2026-06-01 15:15:00,387.75,388.0,386.25,386.75,285045
2026-06-01 15:30:00,389.75,389.75,387.0,387.75,464773
2026-06-01 15:45:00,388.5,389.75,388.0,389.75,385715
2026-06-01 16:00:00,387.25,389.25,386.25,388.5,440425
2026-06-01 16:15:00,386.0,388.0,385.25,387.25,687068
2026-06-01 16:30:00,387.0,388.25,384.75,386.0,1041910
2026-06-01 16:45:00,386.0,388.25,386.0,387.0,782835
2026-06-01 17:00:00,386.25,387.0,385.5,386.25,419637
2026-06-01 17:15:00,387.0,387.25,386.0,386.5,586745
2026-06-01 17:30:00,387.5,388.25,385.5,387.0,1207426
2026-06-01 17:45:00,384.5,388.0,383.0,387.5,1334726
2026-06-02 09:45:00,385.0,385.0,385.0,385.0,0
2026-06-02 10:00:00,387.5,387.75,383.0,385.0,2377440
2026-06-02 10:15:00,389.0,390.25,386.5,387.75,1914287
2026-06-02 10:30:00,388.0,390.75,387.75,389.25,1115271
2026-06-02 10:45:00,393.0,393.25,387.25,388.0,1678930
2026-06-02 11:00:00,393.5,394.5,391.0,393.0,1438273
2026-06-02 11:15:00,391.5,394.25,390.75,393.5,871314
2026-06-02 11:30:00,392.25,392.75,391.0,391.5,282537
2026-06-02 11:45:00,391.0,392.25,389.75,392.0,583741
2026-06-02 12:00:00,391.5,391.75,390.5,391.25,293291
2026-06-02 12:15:00,390.25,391.5,390.0,391.25,199272
2026-06-02 12:30:00,389.5,390.5,389.0,390.5,295335
2026-06-02 12:45:00,390.5,391.5,389.25,389.75,376110
2026-06-02 13:00:00,391.25,391.75,390.5,390.75,266702
2026-06-02 13:15:00,392.25,392.5,390.5,391.0,349652
2026-06-02 13:30:00,393.5,395.5,392.0,392.25,1307276
2026-06-02 13:45:00,393.5,394.0,393.0,393.5,270287
2026-06-02 14:00:00,395.5,395.75,393.25,393.25,973556
2026-06-02 14:15:00,395.5,395.75,394.75,395.5,427061
2026-06-02 14:30:00,395.75,396.25,395.0,395.25,482135
2026-06-02 14:45:00,395.25,395.75,394.5,395.75,308595
2026-06-02 15:00:00,400.25,401.25,394.75,395.25,1956680
2026-06-02 15:15:00,403.75,404.25,400.0,400.5,1538772
2026-06-02 15:30:00,403.5,404.5,403.0,403.75,652469
2026-06-02 15:45:00,403.75,404.5,402.25,403.5,572644
2026-06-02 16:00:00,403.0,404.5,402.25,404.0,535024
2026-06-02 16:15:00,404.5,405.75,402.75,402.75,857393
2026-06-02 16:30:00,403.75,404.75,403.25,404.5,330502
2026-06-02 16:45:00,402.5,404.5,402.25,403.75,480399
2026-06-02 17:00:00,403.0,404.5,402.25,402.75,501159
2026-06-02 17:15:00,401.75,402.75,400.25,402.75,708294
2026-06-02 17:30:00,403.25,404.0,401.5,401.75,909749
2026-06-02 17:45:00,407.5,408.5,403.25,403.25,1925246
2026-06-03 09:45:00,409.5,409.5,409.5,409.5,0
2026-06-03 10:00:00,399.0,409.5,398.75,409.25,3817819
2026-06-03 10:15:00,399.5,400.0,397.5,399.0,1854292
2026-06-03 10:30:00,397.25,399.5,396.5,399.5,1482854
2026-06-03 10:45:00,395.25,397.25,394.75,397.25,1392133
2026-06-03 11:00:00,396.0,396.5,395.0,395.25,783942
2026-06-03 11:15:00,395.75,396.75,394.5,395.75,828455
2026-06-03 11:30:00,395.5,396.0,395.0,395.75,321595
2026-06-03 11:45:00,395.75,396.0,395.0,395.5,554767
2026-06-03 12:00:00,395.5,396.5,395.0,395.5,404963
2026-06-03 12:15:00,395.0,395.5,394.25,395.25,523423
2026-06-03 12:30:00,394.25,395.0,393.0,395.0,634190
2026-06-03 12:45:00,392.5,394.5,391.75,394.25,672495
2026-06-03 13:00:00,393.25,393.75,392.25,392.75,443100
2026-06-03 13:15:00,391.75,393.25,391.25,393.25,459571
2026-06-03 13:30:00,392.5,392.5,391.75,392.0,370320
2026-06-03 13:45:00,391.75,393.0,391.75,392.5,378748
2026-06-03 14:00:00,391.75,392.25,390.25,391.75,613457
2026-06-03 14:15:00,389.75,392.0,389.25,391.75,538797
2026-06-03 14:30:00,389.25,390.25,388.25,389.75,974053
2026-06-03 14:45:00,391.25,392.0,389.25,389.25,870782
2026-06-03 15:00:00,389.75,391.5,389.0,391.25,665065
2026-06-03 15:15:00,389.75,390.5,389.5,389.75,391521
2026-06-03 15:30:00,388.0,389.75,387.25,389.75,1336940
2026-06-03 15:45:00,388.25,388.75,387.5,388.0,531323
2026-06-03 16:00:00,388.0,388.25,386.0,388.25,1226174
2026-06-03 16:15:00,388.0,388.25,385.25,388.0,1304284
2026-06-03 16:30:00,383.5,388.25,383.25,387.75,1501256
2026-06-03 16:45:00,383.25,384.0,381.75,383.5,1468315
2026-06-03 17:00:00,383.75,384.0,382.25,383.25,1002124
2026-06-03 17:15:00,382.75,384.5,381.75,383.75,1097478
2026-06-03 17:30:00,383.25,383.5,382.25,382.75,685758
2026-06-03 17:45:00,382.0,383.25,381.25,383.25,2195734
2026-06-04 09:45:00,388.5,388.5,388.5,388.5,0
2026-06-04 10:00:00,390.25,390.75,384.75,388.5,2943541
2026-06-04 10:15:00,390.75,392.75,389.5,390.25,1721388
2026-06-04 10:30:00,390.25,393.5,390.25,391.0,1575999
2026-06-04 10:45:00,387.5,391.25,387.5,390.5,974280
2026-06-04 11:00:00,386.0,388.0,385.5,387.75,1496267
2026-06-04 11:15:00,386.25,387.25,383.25,386.0,1239837
2026-06-04 11:30:00,382.25,386.75,381.0,386.25,1329437
2026-06-04 11:45:00,378.75,382.75,378.5,382.25,990557
2026-06-04 12:00:00,377.0,378.75,376.5,378.75,979500
2026-06-04 12:15:00,375.25,377.0,374.75,377.0,743138
2026-06-04 12:30:00,373.75,375.25,372.5,375.25,791908
2026-06-04 12:45:00,373.25,374.5,373.0,374.0,472535
2026-06-04 13:00:00,372.25,373.25,371.5,373.25,688340
2026-06-04 13:15:00,371.25,372.25,371.0,372.25,457047
2026-06-04 13:30:00,369.25,372.0,369.25,371.25,664306
2026-06-04 13:45:00,368.0,371.0,367.0,370.0,839240
2026-06-04 14:00:00,363.5,368.25,363.0,367.75,1742932
2026-06-04 14:15:00,360.0,363.75,359.25,363.5,2497286
2026-06-04 14:30:00,359.25,360.5,356.75,360.0,1945992
2026-06-04 14:45:00,364.25,364.75,359.0,359.25,1849811
2026-06-04 15:00:00,371.25,373.25,364.5,364.5,3543919
2026-06-04 15:15:00,370.25,372.25,367.5,371.25,1898310
2026-06-04 15:30:00,371.0,371.75,368.25,370.25,1272946
2026-06-04 15:45:00,369.75,371.0,369.5,371.0,346667
2026-06-04 16:00:00,367.25,369.75,367.25,369.75,664676
2026-06-04 16:15:00,368.0,368.5,367.25,367.25,478176
2026-06-04 16:30:00,362.0,368.0,361.5,368.0,2019404
2026-06-04 16:45:00,363.25,364.5,361.5,362.0,1414514
2026-06-04 17:00:00,361.25,364.25,361.0,363.0,709599
2026-06-04 17:15:00,361.25,362.25,360.25,361.0,900749
2026-06-04 17:30:00,363.75,365.0,360.75,361.25,1529458
2026-06-04 17:45:00,363.75,364.75,363.25,363.75,1573900
2026-06-05 09:45:00,362.75,362.75,362.75,362.75,0
2026-06-05 10:00:00,360.75,363.75,358.75,362.75,2682811
2026-06-05 10:15:00,362.0,363.5,358.25,360.5,1443442
2026-06-05 10:30:00,361.75,363.75,361.5,362.0,699902
2026-06-05 10:45:00,360.75,363.0,360.0,361.75,641560
2026-06-05 11:00:00,359.5,360.75,355.0,360.75,1833545
2026-06-05 11:15:00,357.0,359.75,355.75,359.5,742669
2026-06-05 11:30:00,359.5,360.0,356.75,356.75,557720
2026-06-05 11:45:00,359.25,361.25,359.0,359.5,486260
2026-06-05 12:00:00,361.5,361.5,358.0,359.25,484981
2026-06-05 12:15:00,364.5,365.0,361.25,361.5,1588916
2026-06-05 12:30:00,366.75,367.25,364.0,364.25,1173579
2026-06-05 12:45:00,367.25,367.75,365.5,366.75,783989
2026-06-05 13:00:00,363.0,367.75,362.25,367.5,517193
2026-06-05 13:15:00,363.25,363.75,362.0,362.75,283382
2026-06-05 13:30:00,365.0,366.5,362.75,363.25,732661
2026-06-05 13:45:00,364.25,365.0,363.5,364.75,340001
2026-06-05 14:00:00,364.25,365.0,363.5,364.5,458625
2026-06-05 14:15:00,364.75,364.75,362.75,364.25,348550
2026-06-05 14:30:00,365.0,365.5,363.75,364.5,386668
2026-06-05 14:45:00,364.5,365.25,364.0,365.0,260431
2026-06-05 15:00:00,363.0,364.5,362.75,364.5,368114
2026-06-05 15:15:00,363.0,363.75,362.5,363.0,409912
2026-06-05 15:30:00,362.5,363.25,361.75,363.0,364798
2026-06-05 15:45:00,360.5,362.5,360.5,362.25,476331
2026-06-05 16:00:00,362.25,363.25,360.5,360.75,514270
2026-06-05 16:15:00,363.5,363.75,362.0,362.25,405302
2026-06-05 16:30:00,362.75,363.5,362.0,363.5,374388
2026-06-05 16:45:00,361.75,364.0,361.75,362.75,685536
2026-06-05 17:00:00,361.0,363.5,360.75,362.0,540338
2026-06-05 17:15:00,362.25,362.5,361.0,361.0,559776
2026-06-05 17:30:00,362.0,363.5,361.75,362.0,868917
2026-06-05 17:45:00,363.5,363.75,361.25,362.0,1075857
2026-06-08 09:45:00,366.0,366.0,366.0,366.0,0
2026-06-08 10:00:00,365.0,369.25,363.25,366.0,3370332
2026-06-08 10:15:00,364.0,366.0,363.0,365.25,1303737
2026-06-08 10:30:00,365.75,367.25,363.5,364.0,886441
2026-06-08 10:45:00,362.75,365.75,362.0,365.75,989617
2026-06-08 11:00:00,362.25,365.75,362.0,362.75,789015
2026-06-08 11:15:00,363.5,364.25,361.75,362.25,411511
2026-06-08 11:30:00,363.25,365.25,362.25,363.5,589504
2026-06-08 11:45:00,363.5,365.5,363.0,363.25,922035
2026-06-08 12:00:00,361.0,363.75,359.5,363.75,935830
2026-06-08 12:15:00,363.0,363.25,360.25,361.0,725829
2026-06-08 12:30:00,363.75,365.25,362.75,363.0,962453
2026-06-08 12:45:00,363.0,364.5,362.25,363.75,408705
2026-06-08 13:00:00,363.75,364.75,362.5,363.25,334511
2026-06-08 13:15:00,363.25,364.0,362.75,363.75,252654
2026-06-08 13:30:00,364.25,365.25,363.0,363.0,582145
2026-06-08 13:45:00,365.25,366.25,364.0,364.25,524224
2026-06-08 14:00:00,370.0,370.0,364.75,365.0,1074775
2026-06-08 14:15:00,371.25,372.25,369.25,369.75,2107565
2026-06-08 14:30:00,372.0,373.0,371.0,371.25,1098401
2026-06-08 14:45:00,372.0,372.5,370.25,372.25,755693
2026-06-08 15:00:00,372.5,372.75,371.0,372.25,519966
2026-06-08 15:15:00,373.0,373.25,371.75,372.25,535205
2026-06-08 15:30:00,373.25,374.25,372.75,373.0,634096
2026-06-08 15:45:00,376.0,376.25,373.0,373.5,747410
2026-06-08 16:00:00,376.0,377.0,375.0,376.25,873254
2026-06-08 16:15:00,376.0,376.75,375.25,375.75,382364
2026-06-08 16:30:00,375.25,377.25,375.25,376.25,484069
2026-06-08 16:45:00,374.0,376.25,374.0,375.25,544113
2026-06-08 17:00:00,375.75,375.75,374.25,374.25,479833
2026-06-08 17:15:00,373.75,375.75,373.25,375.5,540194
2026-06-08 17:30:00,371.5,375.25,371.25,373.75,863528
2026-06-08 17:45:00,368.25,372.0,367.75,371.5,1638286
2026-06-09 09:45:00,368.5,368.5,368.5,368.5,0
2026-06-09 10:00:00,362.75,368.75,361.25,368.5,2703913
2026-06-09 10:15:00,363.25,367.0,362.75,363.0,1566264
2026-06-09 10:30:00,362.75,363.75,362.25,363.5,457301
2026-06-09 10:45:00,362.0,363.0,361.75,362.75,551605
2026-06-09 11:00:00,362.0,362.5,361.5,361.75,391164
2026-06-09 11:15:00,363.25,363.75,361.5,362.0,424834
2026-06-09 11:30:00,362.75,363.5,361.5,363.5,364403
2026-06-09 11:45:00,363.0,363.25,362.0,362.5,348532
2026-06-09 12:00:00,364.25,365.75,363.0,363.0,1145901
2026-06-09 12:15:00,364.5,365.5,364.0,364.0,305113
2026-06-09 12:30:00,365.0,365.75,364.0,364.5,378022
2026-06-09 12:45:00,365.5,365.75,364.25,364.75,179673
2026-06-09 13:00:00,365.0,366.0,364.0,365.5,408099
2026-06-09 13:15:00,363.75,365.0,363.5,365.0,186024
2026-06-09 13:30:00,363.75,364.0,363.25,364.0,151187
2026-06-09 13:45:00,363.0,364.5,362.75,363.5,244908
2026-06-09 14:00:00,363.0,363.75,362.5,363.0,181024
2026-06-09 14:15:00,363.75,364.25,362.75,362.75,278594
2026-06-09 14:30:00,363.25,363.75,363.0,363.75,125772
2026-06-09 14:45:00,362.25,363.5,362.25,363.0,298045
2026-06-09 15:00:00,362.0,362.75,361.75,362.0,384283
2026-06-09 15:15:00,360.75,362.5,360.5,362.25,692532
2026-06-09 15:30:00,359.75,361.0,359.25,360.75,825906
2026-06-09 15:45:00,358.75,360.25,358.75,359.75,610874
2026-06-09 16:00:00,358.5,359.25,357.75,358.75,580421
2026-06-09 16:15:00,360.5,360.5,358.25,358.25,519874
2026-06-09 16:30:00,360.25,361.25,359.75,360.25,381246
2026-06-09 16:45:00,358.5,363.0,358.5,360.25,952448
2026-06-09 17:00:00,358.5,359.75,358.5,358.5,468508
2026-06-09 17:15:00,358.0,358.75,357.25,358.5,580526
2026-06-09 17:30:00,357.75,358.75,357.5,358.0,405619
2026-06-09 17:45:00,357.75,358.25,357.25,358.0,886875
2026-06-10 09:45:00,357.25,357.25,357.25,357.25,0
2026-06-10 10:00:00,363.0,364.0,356.0,357.25,2377826
2026-06-10 10:15:00,361.75,363.0,360.5,362.75,636396
2026-06-10 10:30:00,364.25,365.5,361.25,362.0,1390476
2026-06-10 10:45:00,363.5,364.5,362.75,364.5,685686
2026-06-10 11:00:00,360.5,363.75,360.0,363.25,922784
2026-06-10 11:15:00,360.5,361.5,360.25,360.25,323322
2026-06-10 11:30:00,359.25,361.25,359.0,360.5,475436
2026-06-10 11:45:00,359.75,360.5,358.75,359.25,336676
2026-06-10 12:00:00,360.5,361.25,359.5,359.5,334707
2026-06-10 12:15:00,362.75,363.25,360.5,360.5,612759
2026-06-10 12:30:00,362.5,363.75,362.5,362.75,621501
2026-06-10 12:45:00,363.5,364.25,362.5,362.5,620525
2026-06-10 13:00:00,362.5,363.75,362.25,363.5,266065
2026-06-10 13:15:00,364.0,364.75,362.25,362.5,549123
2026-06-10 13:30:00,364.5,365.0,363.5,363.75,692222
2026-06-10 13:45:00,363.25,364.5,361.75,364.5,526959
2026-06-10 14:00:00,362.5,363.5,361.25,363.25,376991
2026-06-10 14:15:00,364.75,365.0,362.0,362.25,915041
2026-06-10 14:30:00,367.75,368.0,363.25,364.5,1733272
2026-06-10 14:45:00,373.0,373.5,367.0,368.0,2385014
2026-06-10 15:00:00,373.75,375.25,372.0,373.0,2455888
2026-06-10 15:15:00,375.75,376.25,373.5,373.75,1782757
2026-06-10 15:30:00,375.5,378.0,374.75,375.75,1941375
2026-06-10 15:45:00,372.75,376.0,372.5,375.5,1230886
2026-06-10 16:00:00,375.5,376.0,372.5,372.75,890204
2026-06-10 16:15:00,376.0,376.75,375.25,375.75,803748
2026-06-10 16:30:00,381.75,382.25,375.75,376.0,2346624
2026-06-10 16:45:00,381.0,382.25,379.0,381.75,1803695
2026-06-10 17:00:00,378.0,382.75,377.75,381.25,1988874
2026-06-10 17:15:00,376.25,378.75,376.25,377.75,771644
2026-06-10 17:30:00,377.5,378.0,376.25,376.25,846653
2026-06-10 17:45:00,378.5,380.0,377.5,377.5,1379445
2026-06-11 09:45:00,380.5,380.5,380.5,380.5,0
2026-06-11 10:00:00,387.75,389.0,380.5,380.5,4756342
2026-06-11 10:15:00,385.75,387.75,385.75,387.75,1106392
2026-06-11 10:30:00,385.5,388.5,385.25,386.0,1074484
2026-06-11 10:45:00,385.5,386.25,384.5,385.75,760789
2026-06-11 11:00:00,386.0,387.0,385.25,385.75,358059
2026-06-11 11:15:00,386.75,387.25,385.5,386.0,492065
2026-06-11 11:30:00,387.25,389.5,386.5,386.5,1114243
2026-06-11 11:45:00,387.25,389.75,386.5,387.25,673229
2026-06-11 12:00:00,381.75,387.25,381.5,387.25,1012550
2026-06-11 12:15:00,378.75,382.0,378.5,381.75,990064
2026-06-11 12:30:00,379.0,379.5,378.25,378.75,504809
2026-06-11 12:45:00,378.25,379.25,377.5,378.75,422877
2026-06-11 13:00:00,377.5,380.25,377.0,378.25,661472
2026-06-11 13:15:00,378.0,378.5,376.5,377.5,380757
2026-06-11 13:30:00,378.5,379.0,377.0,378.0,252002
2026-06-11 13:45:00,378.5,379.0,378.0,378.5,217483
2026-06-11 14:00:00,377.75,379.75,377.25,378.5,423769
2026-06-11 14:15:00,380.25,380.25,377.75,378.0,342380
2026-06-11 14:30:00,377.75,381.25,377.75,380.5,564017
2026-06-11 14:45:00,377.0,378.0,376.25,378.0,425243
2026-06-11 15:00:00,377.25,378.5,377.0,377.0,288140
2026-06-11 15:15:00,375.75,377.25,374.25,377.25,1070247
2026-06-11 15:30:00,376.5,378.0,374.5,375.75,813079
2026-06-11 15:45:00,374.5,377.75,373.25,376.25,784899
2026-06-11 16:00:00,375.75,376.0,373.75,374.5,420860
2026-06-11 16:15:00,375.25,376.75,374.75,375.5,412444
2026-06-11 16:30:00,375.75,377.5,375.0,375.5,455442
2026-06-11 16:45:00,375.5,378.0,374.75,376.0,681489
2026-06-11 17:00:00,375.0,376.0,374.5,375.5,540156
2026-06-11 17:15:00,375.25,376.25,374.75,374.75,355249
2026-06-11 17:30:00,377.5,377.75,375.25,375.25,935692
2026-06-11 17:45:00,377.75,378.0,376.5,377.25,956951
2026-06-12 09:45:00,377.75,377.75,377.75,377.75,0
2026-06-12 10:00:00,367.75,378.25,367.0,378.0,2752014
2026-06-12 10:15:00,366.5,368.0,365.25,367.75,1105630
2026-06-12 10:30:00,370.25,370.75,366.5,366.75,804154
2026-06-12 10:45:00,371.5,373.25,369.75,370.25,1131458
2026-06-12 11:00:00,373.75,373.75,368.75,371.5,1203940
2026-06-12 11:15:00,376.75,377.75,372.25,373.75,1337366
2026-06-12 11:30:00,379.0,380.25,376.0,376.75,1620477
2026-06-12 11:45:00,378.5,379.25,377.0,379.0,582332
2026-06-12 12:00:00,379.0,380.75,378.5,378.5,1037338
2026-06-12 12:15:00,380.0,380.25,378.75,379.0,446870
2026-06-12 12:30:00,381.0,381.5,378.75,379.75,591989
2026-06-12 12:45:00,379.0,381.5,378.25,381.0,649044
2026-06-12 13:00:00,378.5,380.0,378.0,379.0,379482
2026-06-12 13:15:00,377.75,378.75,376.5,378.75,381594
2026-06-12 13:30:00,379.0,379.75,377.75,378.0,264724
2026-06-12 13:45:00,381.0,382.75,378.75,378.75,1116916
2026-06-12 14:00:00,381.5,381.75,380.5,381.0,493361
2026-06-12 14:15:00,379.75,381.75,379.75,381.5,306773
2026-06-12 14:30:00,379.25,380.0,378.5,380.0,416207
2026-06-12 14:45:00,379.25,379.5,378.5,379.25,322172
2026-06-12 15:00:00,377.5,379.25,377.5,379.25,358098
2026-06-12 15:15:00,378.25,378.5,376.75,377.5,494072
2026-06-12 15:30:00,378.0,378.5,377.0,378.0,396296
2026-06-12 15:45:00,372.25,378.5,372.25,378.0,993133
2026-06-12 16:00:00,370.75,372.5,369.5,372.25,1150275
2026-06-12 16:15:00,371.75,372.5,370.5,370.75,591144
2026-06-12 16:30:00,369.0,373.0,368.25,371.75,1232322
2026-06-12 16:45:00,368.75,370.0,368.25,369.25,582313
2026-06-12 17:00:00,369.75,371.25,368.75,369.0,564955
2026-06-12 17:15:00,369.75,371.25,369.5,369.75,406744
2026-06-12 17:30:00,370.25,371.5,369.75,369.75,596736
2026-06-12 17:45:00,370.75,371.5,370.0,370.25,1184795
2026-06-15 09:45:00,372.0,372.0,372.0,372.0,0
2026-06-15 10:00:00,372.25,377.0,369.75,372.0,3068459
2026-06-15 10:15:00,377.75,379.75,372.0,372.0,2514634
2026-06-15 10:30:00,378.25,380.0,377.25,377.75,952370
2026-06-15 10:45:00,375.0,379.0,374.25,378.25,898582
2026-06-15 11:00:00,372.5,375.0,372.25,375.0,1039843
2026-06-15 11:15:00,372.5,373.0,371.25,372.5,537197
2026-06-15 11:30:00,373.25,375.0,371.25,372.5,638967
2026-06-15 11:45:00,373.0,374.25,372.25,373.25,389060
2026-06-15 12:00:00,373.25,373.5,372.5,373.0,316763
2026-06-15 12:15:00,373.5,373.5,372.25,373.25,354969
2026-06-15 12:30:00,374.0,375.0,373.0,373.5,376639
2026-06-15 12:45:00,375.0,375.75,373.75,373.75,449290
2026-06-15 13:00:00,377.5,377.75,375.0,375.25,733411
2026-06-15 13:15:00,379.75,380.25,377.25,377.5,1335865
2026-06-15 13:30:00,381.5,384.5,379.25,380.0,2264453
2026-06-15 13:45:00,382.75,383.5,381.25,381.75,1033472
2026-06-15 14:00:00,381.75,384.25,381.75,383.0,807258
2026-06-15 14:15:00,382.5,382.75,381.75,381.75,587940
2026-06-15 14:30:00,383.75,384.25,382.25,382.5,664714
2026-06-15 14:45:00,384.0,385.5,383.0,383.75,1154396
2026-06-15 15:00:00,379.0,384.0,378.5,384.0,1381045
2026-06-15 15:15:00,378.75,379.5,378.25,378.75,606667
2026-06-15 15:30:00,378.0,379.75,377.5,378.75,671148
2026-06-15 15:45:00,378.0,379.0,377.75,378.0,296474
2026-06-15 16:00:00,379.25,380.0,376.75,378.25,963697
2026-06-15 16:15:00,380.75,380.75,378.0,379.5,583483
2026-06-15 16:30:00,379.75,381.5,378.0,380.75,829795
2026-06-15 16:45:00,380.0,381.25,379.0,380.0,495136
2026-06-15 17:00:00,378.5,380.0,378.25,379.75,549383
2026-06-15 17:15:00,378.5,379.25,378.0,378.5,472208
2026-06-15 17:30:00,377.75,379.0,377.25,378.25,750574
2026-06-15 17:45:00,378.0,379.0,377.25,378.0,1405134
2026-06-16 09:45:00,382.0,382.0,382.0,382.0,0
2026-06-16 10:00:00,380.0,386.25,379.5,382.0,3297699
2026-06-16 10:15:00,382.25,382.5,379.25,380.0,1214284
2026-06-16 10:30:00,380.25,382.75,380.0,382.5,608021
2026-06-16 10:45:00,379.0,380.5,378.5,380.0,473353
2026-06-16 11:00:00,381.5,382.5,378.75,379.0,618637
2026-06-16 11:15:00,380.5,382.0,379.25,381.5,347583
2026-06-16 11:30:00,381.5,382.25,380.0,380.75,378457
2026-06-16 11:45:00,381.25,381.5,381.0,381.25,122254
2026-06-16 12:00:00,383.0,383.5,381.25,381.5,863760
2026-06-16 12:15:00,383.75,384.0,382.5,383.0,754215
2026-06-16 12:30:00,383.75,384.5,383.0,383.75,613789
2026-06-16 12:45:00,386.75,387.5,383.0,383.75,1654726
2026-06-16 13:00:00,386.5,387.75,385.25,386.5,982649
2026-06-16 13:15:00,388.5,390.0,385.75,386.25,1630275
2026-06-16 13:30:00,386.75,388.75,386.25,388.5,611941
2026-06-16 13:45:00,387.5,387.75,386.25,386.75,454861
2026-06-16 14:00:00,387.5,388.0,386.5,387.5,460240
2026-06-16 14:15:00,387.75,388.0,386.25,387.75,381323
2026-06-16 14:30:00,389.0,389.5,387.0,387.75,662222
2026-06-16 14:45:00,386.5,389.0,386.0,388.75,669148
2026-06-16 15:00:00,388.25,389.25,386.5,386.75,517798
2026-06-16 15:15:00,386.75,388.25,386.75,388.0,168660
2026-06-16 15:30:00,387.75,388.25,386.75,387.0,379062
2026-06-16 15:45:00,388.25,389.25,387.5,387.75,413986
2026-06-16 16:00:00,391.5,392.25,388.0,388.0,1954605
2026-06-16 16:15:00,393.5,393.75,391.25,391.5,1186544
2026-06-16 16:30:00,395.5,397.0,393.5,393.75,2225423
2026-06-16 16:45:00,395.75,397.0,395.25,395.5,1069353
2026-06-16 17:00:00,394.75,397.0,393.75,395.75,1197463
2026-06-16 17:15:00,394.5,395.25,393.25,395.0,783333
2026-06-16 17:30:00,394.0,395.25,393.5,394.75,940384
2026-06-16 17:45:00,394.0,394.75,391.5,394.0,1720411
2026-06-17 09:45:00,398.0,398.0,398.0,398.0,0
2026-06-17 10:00:00,393.75,399.25,392.5,398.0,3003399
2026-06-17 10:15:00,389.75,395.5,388.25,393.75,1735754
2026-06-17 10:30:00,387.75,390.75,387.25,389.75,1341218
2026-06-17 10:45:00,386.0,390.0,385.25,387.75,1170072
2026-06-17 11:00:00,386.75,387.5,385.75,385.75,508388
2026-06-17 11:15:00,387.25,388.5,386.5,386.75,368547
2026-06-17 11:30:00,386.25,388.75,384.75,387.25,760081
2026-06-17 11:45:00,386.75,387.75,386.0,386.0,262478
2026-06-17 12:00:00,388.25,388.5,386.5,386.5,299826
2026-06-17 12:15:00,388.25,388.75,387.0,388.0,305536
2026-06-17 12:30:00,391.75,391.75,387.25,388.0,761563
2026-06-17 12:45:00,392.25,393.5,390.75,391.75,795066
2026-06-17 13:00:00,394.0,394.25,391.75,392.25,604594
2026-06-17 13:15:00,393.0,394.75,392.75,393.75,545735
2026-06-17 13:30:00,395.5,395.75,392.75,393.25,499611
2026-06-17 13:45:00,394.25,396.5,393.75,395.75,643595
2026-06-17 14:00:00,393.75,394.75,393.0,394.25,344770
2026-06-17 14:15:00,392.75,394.0,392.25,393.75,275934
2026-06-17 14:30:00,392.75,393.25,392.0,392.75,303460
2026-06-17 14:45:00,392.75,393.5,392.25,392.75,235864
2026-06-17 15:00:00,392.75,393.75,392.0,392.75,206470
2026-06-17 15:15:00,392.75,393.0,392.0,392.75,134820
2026-06-17 15:30:00,389.5,393.0,388.75,393.0,749963
2026-06-17 15:45:00,391.5,392.25,389.25,389.5,292506
2026-06-17 16:00:00,393.5,395.25,390.75,391.25,875629
2026-06-17 16:15:00,394.5,395.5,393.5,393.75,676100
2026-06-17 16:30:00,394.75,395.75,393.25,394.75,802250
2026-06-17 16:45:00,394.0,396.0,394.0,394.75,722865
2026-06-17 17:00:00,395.25,396.25,393.75,394.0,567940
2026-06-17 17:15:00,394.25,395.25,393.25,395.25,481404
2026-06-17 17:30:00,394.25,395.5,394.0,394.5,547673
2026-06-17 17:45:00,394.0,394.75,393.0,394.25,1051817
2026-06-18 09:45:00,393.5,393.5,393.5,393.5,0
2026-06-18 10:00:00,390.75,395.75,390.0,393.25,1575892
2026-06-18 10:15:00,392.75,392.75,390.25,390.75,777896
2026-06-18 10:30:00,394.75,395.75,392.0,392.75,726479
2026-06-18 10:45:00,394.75,395.75,393.0,395.0,729096
2026-06-18 11:00:00,394.75,396.0,394.25,394.75,781460
2026-06-18 11:15:00,396.75,397.0,394.75,395.0,865375
2026-06-18 11:30:00,395.25,398.5,395.0,396.75,1249443
2026-06-18 11:45:00,395.0,395.75,394.75,395.5,403030
2026-06-18 12:00:00,396.0,397.25,394.75,395.0,462727
2026-06-18 12:15:00,397.5,398.75,395.75,395.75,829445
2026-06-18 12:30:00,397.5,398.0,396.75,397.25,319417
2026-06-18 12:45:00,396.75,397.75,396.0,397.25,380057
2026-06-18 13:00:00,396.5,397.0,396.25,396.75,124605
2026-06-18 13:15:00,395.5,397.5,395.0,396.75,441079
2026-06-18 13:30:00,393.5,395.75,393.5,395.5,628733
2026-06-18 13:45:00,394.75,395.25,393.5,393.75,145208
2026-06-18 14:00:00,395.5,395.5,393.75,394.75,244201
2026-06-18 14:15:00,395.75,396.0,394.75,395.25,218317
2026-06-18 14:30:00,397.0,397.5,395.75,395.75,518186
2026-06-18 14:45:00,396.5,397.25,395.5,397.0,195628
2026-06-18 15:00:00,396.25,396.5,395.0,396.25,175528
2026-06-18 15:15:00,394.75,396.25,394.5,396.25,148309
2026-06-18 15:30:00,394.75,396.0,394.5,394.75,174513
2026-06-18 15:45:00,395.5,395.75,394.0,395.0,366747
2026-06-18 16:00:00,398.75,400.0,395.0,395.5,1301121
2026-06-18 16:15:00,400.75,401.75,398.75,399.0,1393640
2026-06-18 16:30:00,401.5,403.0,400.5,400.75,1275453
2026-06-18 16:45:00,401.75,402.0,400.0,401.5,525642
2026-06-18 17:00:00,404.0,404.5,401.75,402.0,1435136
2026-06-18 17:15:00,407.0,408.25,403.75,404.0,1876820
2026-06-18 17:30:00,408.75,409.25,406.5,407.25,1425463
2026-06-18 17:45:00,411.0,412.5,408.5,408.75,2587040
2026-06-19 09:45:00,408.75,408.75,408.75,408.75,0
2026-06-19 10:00:00,411.0,412.75,407.5,408.5,2790111
2026-06-19 10:15:00,410.25,412.5,409.5,411.0,1272240
2026-06-19 10:30:00,410.5,411.0,409.75,410.25,385592
2026-06-19 10:45:00,408.75,410.75,408.25,410.75,581443
2026-06-19 11:00:00,408.0,411.25,407.25,408.75,721911
2026-06-19 11:15:00,408.0,408.25,406.75,408.25,437692
2026-06-19 11:30:00,407.75,409.5,406.75,408.25,447318
2026-06-19 11:45:00,406.5,408.5,406.5,407.5,442986
2026-06-19 12:00:00,405.5,407.25,404.25,406.5,730279
2026-06-19 12:15:00,407.25,408.75,405.5,405.5,269330
2026-06-19 12:30:00,406.5,407.5,406.25,407.25,95847
2026-06-19 12:45:00,407.25,407.5,406.5,406.5,88030
2026-06-19 13:00:00,404.0,407.5,403.5,407.25,482548
2026-06-19 13:15:00,402.5,405.0,402.5,404.25,428292
2026-06-19 13:30:00,402.25,403.75,401.5,402.5,361221
2026-06-19 13:45:00,402.25,403.25,402.0,402.5,259291
2026-06-19 14:00:00,402.75,403.25,401.75,402.5,263045
2026-06-19 14:15:00,402.25,403.5,400.5,403.0,395539
2026-06-19 14:30:00,403.5,404.25,401.25,402.25,395367
2026-06-19 14:45:00,404.5,405.0,403.5,403.75,253391
2026-06-19 15:00:00,402.25,404.75,402.25,404.5,424745
2026-06-19 15:15:00,402.5,403.5,402.25,402.5,191020
2026-06-19 15:30:00,403.5,404.0,402.25,402.5,201742
2026-06-19 15:45:00,407.0,410.5,403.75,403.75,2249429
2026-06-19 16:00:00,406.0,408.0,405.5,407.25,454573
2026-06-19 16:15:00,405.75,406.5,404.25,406.0,328445
2026-06-19 16:30:00,404.75,406.0,404.75,405.75,124989
2026-06-19 16:45:00,404.75,406.0,404.75,405.0,166928
2026-06-19 17:00:00,404.75,405.75,403.75,404.75,314358
2026-06-19 17:15:00,404.75,405.5,403.25,404.75,481572
2026-06-19 17:30:00,402.75,405.0,401.75,404.75,568718
2026-06-19 17:45:00,403.75,404.25,402.5,403.0,788240
2026-06-22 09:45:00,402.75,402.75,402.75,402.75,0
2026-06-22 10:00:00,404.75,407.0,403.0,403.0,1483617
2026-06-22 10:15:00,404.75,407.25,402.5,404.75,1241224
2026-06-22 10:30:00,401.25,404.75,400.5,404.5,747466
2026-06-22 10:45:00,401.0,401.5,400.25,401.25,561595
2026-06-22 11:00:00,400.75,401.25,399.5,401.0,671750
2026-06-22 11:15:00,400.75,401.75,400.25,400.5,207443
2026-06-22 11:30:00,403.25,403.25,400.5,401.0,366990
2026-06-22 11:45:00,404.0,404.0,401.0,403.25,363784
2026-06-22 12:00:00,404.25,405.0,402.75,404.0,426805
2026-06-22 12:15:00,403.5,404.5,403.25,404.25,105192
2026-06-22 12:30:00,402.5,405.25,402.5,403.75,438341
2026-06-22 12:45:00,402.0,402.75,401.75,402.75,213912
2026-06-22 13:00:00,402.5,403.0,401.5,402.0,233414
2026-06-22 13:15:00,402.5,402.75,402.0,402.75,94716
2026-06-22 13:30:00,402.5,403.25,402.25,402.5,127078
2026-06-22 13:45:00,401.75,402.75,401.25,402.5,232644
2026-06-22 14:00:00,401.75,403.0,401.5,401.5,267551
2026-06-22 14:15:00,400.75,401.75,400.25,401.75,253737
2026-06-22 14:30:00,401.5,403.0,400.25,400.5,404332
2026-06-22 14:45:00,400.5,401.75,400.25,401.75,236334
2026-06-22 15:00:00,401.25,401.25,400.25,400.5,119240
2026-06-22 15:15:00,400.75,401.5,400.5,401.0,108744
2026-06-22 15:30:00,401.0,401.25,400.0,400.75,298618
2026-06-22 15:45:00,398.0,401.25,397.75,401.0,646414
2026-06-22 16:00:00,399.5,400.0,397.0,398.0,824183
2026-06-22 16:15:00,398.75,399.75,398.75,399.5,312395
2026-06-22 16:30:00,396.0,400.0,395.75,398.75,626567
2026-06-22 16:45:00,396.0,397.5,395.75,396.0,394668
2026-06-22 17:00:00,395.5,397.0,395.25,396.0,367975
2026-06-22 17:15:00,395.25,396.0,393.75,395.5,700843
2026-06-22 17:30:00,395.5,396.5,394.75,395.25,449194
2026-06-22 17:45:00,395.25,396.25,394.25,395.5,781074
2026-06-23 09:45:00,393.0,393.0,393.0,393.0,0
2026-06-23 10:00:00,388.5,393.75,387.75,393.0,1682663
2026-06-23 10:15:00,389.75,390.0,388.0,388.5,420728
2026-06-23 10:30:00,389.5,390.25,387.75,389.5,732557
2026-06-23 10:45:00,390.75,391.25,389.25,389.25,555016
2026-06-23 11:00:00,388.25,392.25,388.0,390.5,525096
2026-06-23 11:15:00,390.75,391.0,387.25,388.25,672105
2026-06-23 11:30:00,392.5,393.25,390.75,390.75,818987
2026-06-23 11:45:00,392.25,393.75,391.75,392.25,332953
2026-06-23 12:00:00,392.0,393.75,390.75,392.25,312575
2026-06-23 12:15:00,393.5,393.75,391.75,392.0,208261
2026-06-23 12:30:00,392.5,394.25,392.0,393.5,265669
2026-06-23 12:45:00,392.75,393.0,391.75,392.5,177489
2026-06-23 13:00:00,394.0,394.75,392.5,392.75,307591
2026-06-23 13:15:00,393.75,394.25,393.5,393.75,142295
2026-06-23 13:30:00,393.25,393.75,392.75,393.5,184349
2026-06-23 13:45:00,392.5,393.5,392.25,393.0,87983
2026-06-23 14:00:00,393.5,393.5,392.25,392.5,93470
2026-06-23 14:15:00,393.75,395.0,392.75,393.25,378948
2026-06-23 14:30:00,391.75,394.0,391.75,393.75,208916
2026-06-23 14:45:00,391.75,392.25,391.25,391.75,191054
2026-06-23 15:00:00,390.75,391.75,390.75,391.5,159901
2026-06-23 15:15:00,389.75,391.0,389.5,391.0,301407
2026-06-23 15:30:00,389.0,390.25,388.0,390.0,502949
2026-06-23 15:45:00,391.5,391.75,388.75,389.0,359959
2026-06-23 16:00:00,391.25,393.75,391.25,391.25,712596
2026-06-23 16:15:00,393.25,393.5,391.25,391.25,306797
2026-06-23 16:30:00,393.0,393.75,392.25,393.0,227496
2026-06-23 16:45:00,394.25,396.25,392.75,393.0,1105318
2026-06-23 17:00:00,394.75,396.0,393.5,394.25,511583
2026-06-23 17:15:00,393.5,395.0,392.0,395.0,533362
2026-06-23 17:30:00,393.5,393.75,393.0,393.25,365574
2026-06-23 17:45:00,393.75,394.5,393.25,393.75,499049
2026-06-24 09:45:00,392.0,392.0,392.0,392.0,0
2026-06-24 10:00:00,387.75,392.75,386.75,392.0,1597078
2026-06-24 10:15:00,383.5,388.0,383.25,387.75,1357349
2026-06-24 10:30:00,383.75,384.5,382.0,384.0,945257
2026-06-24 10:45:00,381.5,385.25,381.0,383.75,810113
2026-06-24 11:00:00,379.5,381.75,378.0,381.25,1708001
2026-06-24 11:15:00,377.25,379.5,375.75,379.25,853982
2026-06-24 11:30:00,377.25,378.0,375.5,377.25,665104
2026-06-24 11:45:00,378.0,378.5,377.0,377.5,391061
2026-06-24 12:00:00,377.25,378.5,376.0,378.0,406214
2026-06-24 12:15:00,377.75,378.25,377.0,377.25,186098
2026-06-24 12:30:00,375.5,377.75,375.0,377.75,605715
2026-06-24 12:45:00,375.75,376.0,374.25,375.75,634668
2026-06-24 13:00:00,375.25,375.75,374.75,375.75,274868
2026-06-24 13:15:00,375.25,375.25,374.5,375.25,231942
2026-06-24 13:30:00,375.0,375.5,374.25,375.25,396705
2026-06-24 13:45:00,373.5,375.25,373.0,375.0,585054
2026-06-24 14:00:00,372.75,373.75,372.5,373.5,225237
2026-06-24 14:15:00,370.0,373.0,369.25,372.75,1303514
2026-06-24 14:30:00,368.5,370.25,368.25,369.75,837570
2026-06-24 14:45:00,370.0,371.0,367.75,368.5,808739
2026-06-24 15:00:00,371.25,373.0,369.0,370.0,799563
2026-06-24 15:15:00,370.75,373.0,369.25,371.25,702777
2026-06-24 15:30:00,369.75,370.75,369.25,370.75,330007
2026-06-24 15:45:00,370.0,370.0,369.0,369.75,368071
2026-06-24 16:00:00,371.0,372.5,369.75,370.0,580961
2026-06-24 16:15:00,372.5,372.75,370.5,371.0,530758
2026-06-24 16:30:00,373.5,375.5,371.5,372.5,1297324
2026-06-24 16:45:00,373.75,374.75,372.75,373.25,624266
2026-06-24 17:00:00,371.0,374.0,370.75,373.75,692834
2026-06-24 17:15:00,372.5,372.5,370.5,371.25,665605
2026-06-24 17:30:00,370.5,373.0,369.5,372.5,1036865
2026-06-24 17:45:00,368.75,370.75,368.75,370.5,1329840
2026-06-25 09:45:00,374.25,374.25,374.25,374.25,0
2026-06-25 10:00:00,379.25,381.25,374.25,374.25,4608778
2026-06-25 10:15:00,382.0,383.75,379.0,379.25,2897658
2026-06-25 10:30:00,382.75,384.0,381.5,382.25,1465883
2026-06-25 10:45:00,385.5,385.5,381.75,382.75,1586301
2026-06-25 11:00:00,385.5,389.0,385.0,385.5,1991247
2026-06-25 11:15:00,386.0,386.75,384.5,385.25,791621
2026-06-25 11:30:00,385.75,386.5,385.0,386.0,484560
2026-06-25 11:45:00,386.5,388.0,385.0,386.0,845854
2026-06-25 12:00:00,387.75,388.5,386.25,386.5,652892
2026-06-25 12:15:00,382.0,388.0,381.0,387.75,1494204
2026-06-25 12:30:00,379.25,382.0,379.0,381.75,817013
2026-06-25 12:45:00,380.0,380.25,378.5,379.0,572924
2026-06-25 13:00:00,379.5,380.25,379.25,379.75,428696
2026-06-25 13:15:00,379.75,380.0,379.0,379.5,205753
2026-06-25 13:30:00,379.75,380.5,379.25,380.0,176422
2026-06-25 13:45:00,379.25,380.0,379.0,380.0,264176
2026-06-25 14:00:00,376.75,379.25,376.25,379.25,846880
2026-06-25 14:15:00,376.25,376.75,375.0,376.75,721339
2026-06-25 14:30:00,376.0,376.5,375.25,376.25,575111
2026-06-25 14:45:00,374.75,376.5,374.5,376.0,428536
2026-06-25 15:00:00,374.5,375.0,373.5,374.75,628418
2026-06-25 15:15:00,374.0,375.0,373.75,374.5,354085
2026-06-25 15:30:00,375.75,376.25,373.75,374.0,616755
2026-06-25 15:45:00,374.0,376.5,374.0,376.0,617954
2026-06-25 16:00:00,373.75,374.5,372.5,373.75,490180
2026-06-25 16:15:00,374.5,374.75,373.25,373.75,345794
2026-06-25 16:30:00,371.75,374.75,371.25,374.5,678165
2026-06-25 16:45:00,373.25,374.0,371.25,372.0,764270
2026-06-25 17:00:00,372.0,374.25,371.75,373.25,725746
2026-06-25 17:15:00,373.0,373.75,371.5,372.0,512907
2026-06-25 17:30:00,372.75,373.5,372.25,373.0,492421
2026-06-25 17:45:00,374.0,374.75,372.25,373.0,1205434
2026-06-26 09:45:00,376.0,376.0,376.0,376.0,0
2026-06-26 10:00:00,376.25,379.0,372.0,376.25,2478182
2026-06-26 10:15:00,372.0,376.5,371.75,376.25,1074331
2026-06-26 10:30:00,375.25,376.5,372.25,372.25,1036717
2026-06-26 10:45:00,375.0,375.75,374.25,375.0,603556
2026-06-26 11:00:00,372.0,375.0,371.0,374.75,1005456
2026-06-26 11:15:00,374.0,374.0,371.75,372.0,434751
2026-06-26 11:30:00,372.25,374.0,371.0,373.75,701648
2026-06-26 11:45:00,371.75,372.5,371.25,372.25,246032
2026-06-26 12:00:00,373.25,373.5,371.25,371.75,364840
2026-06-26 12:15:00,372.0,374.25,371.75,373.25,501239
2026-06-26 12:30:00,372.0,372.5,371.75,372.0,248680
2026-06-26 12:45:00,371.5,372.25,371.25,372.25,317526
2026-06-26 13:00:00,370.25,371.75,370.0,371.5,353363
2026-06-26 13:15:00,371.5,371.75,370.25,370.5,154066
2026-06-26 13:30:00,371.0,372.0,370.25,371.5,211806
2026-06-26 13:45:00,371.0,371.75,370.5,371.0,191429
2026-06-26 14:00:00,371.25,372.0,370.75,371.0,260969
2026-06-26 14:15:00,370.5,371.25,370.0,371.25,254737
2026-06-26 14:30:00,369.75,371.0,369.25,370.5,466232
2026-06-26 14:45:00,368.0,370.5,367.75,369.5,664202
2026-06-26 15:00:00,364.75,368.5,364.0,368.0,1143935
2026-06-26 15:15:00,363.5,365.5,362.75,364.75,998069
2026-06-26 15:30:00,362.25,365.0,361.5,363.5,1303676
2026-06-26 15:45:00,362.5,363.0,361.5,362.5,703404
2026-06-26 16:00:00,360.75,362.5,360.25,362.5,946827
2026-06-26 16:15:00,357.75,360.75,357.25,360.5,2136334
2026-06-26 16:30:00,356.0,358.0,355.5,358.0,1206701
2026-06-26 16:45:00,355.25,357.0,354.25,356.0,2671932
2026-06-26 17:00:00,357.0,357.25,354.5,355.5,1204100
2026-06-26 17:15:00,357.5,359.5,355.5,357.25,1779364
2026-06-26 17:30:00,360.0,360.25,357.25,357.5,1576851
2026-06-26 17:45:00,360.5,361.25,359.25,360.0,1958902
2026-06-29 09:45:00,364.25,364.25,364.25,364.25,0
2026-06-29 10:00:00,364.5,367.75,360.75,364.25,4791773
2026-06-29 10:15:00,362.5,365.25,360.5,364.5,2059740
2026-06-29 10:30:00,363.25,364.0,361.0,362.75,1251775
2026-06-29 10:45:00,362.75,363.75,362.25,363.0,639496
2026-06-29 11:00:00,361.75,363.25,361.5,363.0,736251
2026-06-29 11:15:00,361.0,363.25,359.75,361.75,1383261
2026-06-29 11:30:00,361.25,362.25,360.75,361.25,568554
2026-06-29 11:45:00,361.5,362.25,361.0,361.25,384691
2026-06-29 12:00:00,361.5,362.75,360.25,361.5,708109
2026-06-29 12:15:00,359.0,362.25,358.5,361.5,950168
2026-06-29 12:30:00,359.25,359.5,358.0,359.25,628191
2026-06-29 12:45:00,360.25,360.5,358.75,359.5,432761
2026-06-29 13:00:00,358.5,360.5,358.0,360.25,466305
2026-06-29 13:15:00,359.75,360.25,358.25,358.25,480041
2026-06-29 13:30:00,359.5,360.5,359.25,359.75,430554
2026-06-29 13:45:00,359.5,360.25,359.25,359.25,251082
2026-06-29 14:00:00,359.5,361.0,359.25,359.75,480090
2026-06-29 14:15:00,359.5,360.25,359.25,359.5,222472
2026-06-29 14:30:00,359.0,360.5,358.25,359.5,483370
2026-06-29 14:45:00,357.0,359.25,357.0,359.25,547068
2026-06-29 15:00:00,356.75,358.0,356.25,357.0,718326
2026-06-29 15:15:00,356.5,356.75,355.75,356.5,531357
2026-06-29 15:30:00,356.0,356.5,355.5,356.25,303382
2026-06-29 15:45:00,356.75,357.0,355.75,356.25,378122
2026-06-29 16:00:00,355.75,357.25,355.5,356.75,342889
2026-06-29 16:15:00,356.5,356.75,355.5,355.5,298138
2026-06-29 16:30:00,356.75,357.75,356.0,356.25,400193
2026-06-29 16:45:00,356.25,357.25,355.75,356.75,422926
2026-06-29 17:00:00,354.75,356.5,354.0,356.25,1124781
2026-06-29 17:15:00,357.25,357.5,354.5,354.75,925328
2026-06-29 17:30:00,357.0,358.0,356.0,357.25,888084
2026-06-29 17:45:00,358.0,358.75,357.0,357.0,1966943
2026-06-30 09:45:00,359.0,359.0,359.0,359.0,0
2026-06-30 10:00:00,362.5,363.5,357.75,359.25,3609744
2026-06-30 10:15:00,365.25,366.0,360.75,362.25,2503891
2026-06-30 10:30:00,364.0,367.0,363.75,365.25,1436575
2026-06-30 10:45:00,358.25,364.5,357.75,363.75,2597639
2026-06-30 11:00:00,356.75,359.0,356.5,358.5,1728284
2026-06-30 11:15:00,355.5,357.0,355.25,356.75,861603
2026-06-30 11:30:00,354.25,355.5,353.0,355.25,1304885
2026-06-30 11:45:00,352.5,354.25,351.75,354.25,1038437
2026-06-30 12:00:00,352.25,352.75,351.25,352.5,895726
2026-06-30 12:15:00,353.5,353.75,352.0,352.0,559430
2026-06-30 12:30:00,353.0,353.5,352.25,353.25,572841
2026-06-30 12:45:00,353.75,354.5,352.75,353.0,493936
2026-06-30 13:00:00,352.5,353.75,352.5,353.75,434396
2026-06-30 13:15:00,353.0,353.0,352.25,352.5,200275
2026-06-30 13:30:00,353.5,353.5,352.75,353.0,258533
2026-06-30 13:45:00,353.5,354.75,353.25,353.25,776608
2026-06-30 14:00:00,352.75,354.0,352.0,353.5,1040216
2026-06-30 14:15:00,352.75,353.0,352.25,352.75,259072
2026-06-30 14:30:00,351.75,353.0,351.75,352.75,489421
2026-06-30 14:45:00,351.25,352.25,350.75,352.0,1004464
2026-06-30 15:00:00,349.75,351.25,349.25,351.25,908616
2026-06-30 15:15:00,349.0,350.0,348.25,349.5,990988
2026-06-30 15:30:00,349.25,349.75,348.75,349.0,330799
2026-06-30 15:45:00,348.75,350.5,348.0,349.25,900223
2026-06-30 16:00:00,347.25,349.25,347.0,348.75,1019786
2026-06-30 16:15:00,347.5,348.25,347.25,347.25,484686
2026-06-30 16:30:00,345.75,348.0,345.25,347.5,2167876
2026-06-30 16:45:00,347.0,348.25,345.25,345.75,1885392
2026-06-30 17:00:00,344.25,347.25,343.5,347.25,1563279
2026-06-30 17:15:00,343.5,345.0,342.5,344.5,2509756
2026-06-30 17:30:00,344.5,346.25,343.25,343.25,4123820
2026-06-30 17:45:00,344.5,344.75,343.75,344.25,3948431
2026-07-01 09:45:00,345.0,345.0,345.0,345.0,0
2026-07-01 10:00:00,344.0,347.0,342.5,345.25,3018381
2026-07-01 10:15:00,347.25,348.25,343.75,344.25,1740721
2026-07-01 10:30:00,348.5,348.75,346.5,347.5,1404852
2026-07-01 10:45:00,349.5,350.5,347.25,348.5,1696044
2026-07-01 11:00:00,352.25,352.5,348.5,349.75,1284723
2026-07-01 11:15:00,353.25,354.25,351.25,352.0,1756520
2026-07-01 11:30:00,353.5,355.0,351.5,353.25,1343662
2026-07-01 11:45:00,353.0,353.5,351.5,353.5,682952
2026-07-01 12:00:00,353.75,354.0,351.75,352.75,949322
2026-07-01 12:15:00,356.25,357.0,353.5,353.5,1711567
2026-07-01 12:30:00,358.25,359.0,356.25,356.5,2111093
2026-07-01 12:45:00,359.25,359.75,357.75,358.25,1485554
2026-07-01 13:00:00,364.0,364.25,359.0,359.25,3235520
2026-07-01 13:15:00,364.0,366.25,363.25,364.0,2585548
2026-07-01 13:30:00,365.0,366.25,363.0,364.0,1963725
2026-07-01 13:45:00,365.25,366.0,364.0,365.0,1011004
2026-07-01 14:00:00,364.5,366.75,363.5,365.5,1920288
2026-07-01 14:15:00,369.0,369.75,363.75,364.5,2757354
2026-07-01 14:30:00,369.0,370.5,368.75,369.0,2671768
2026-07-01 14:45:00,369.25,370.0,368.5,369.25,927265
2026-07-01 15:00:00,369.75,370.25,368.25,369.25,1425671
2026-07-01 15:15:00,369.75,370.5,368.75,369.75,1096017
2026-07-01 15:30:00,368.5,370.5,368.5,369.75,786248
2026-07-01 15:45:00,367.75,369.25,367.0,368.5,962007
2026-07-01 16:00:00,366.25,368.25,365.25,367.75,1205191
2026-07-01 16:15:00,369.25,369.5,366.25,366.5,1340906
2026-07-01 16:30:00,369.0,369.5,368.25,369.25,485202
2026-07-01 16:45:00,369.5,370.25,368.25,368.75,1186086
2026-07-01 17:00:00,371.25,371.25,369.25,369.25,1546788
2026-07-01 17:15:00,371.75,372.25,370.5,371.0,1237564
2026-07-01 17:30:00,371.25,372.0,370.5,371.75,1228992
2026-07-01 17:45:00,371.5,372.0,370.75,371.25,1318604
2026-07-02 09:45:00,372.5,372.5,372.5,372.5,0
2026-07-02 10:00:00,373.0,375.0,371.75,372.75,4258474
2026-07-02 10:15:00,376.75,378.5,373.0,373.25,4361685
2026-07-02 10:30:00,378.5,379.5,376.5,376.75,2475584
2026-07-02 10:45:00,374.0,378.75,373.5,378.5,2343878
2026-07-02 11:00:00,373.5,374.5,372.25,374.0,1184480
2026-07-02 11:15:00,373.0,375.5,372.0,373.25,1110265
2026-07-02 11:30:00,373.0,373.5,371.75,373.0,631472
2026-07-02 11:45:00,373.25,374.25,372.75,373.0,433352
2026-07-02 12:00:00,376.0,377.25,373.0,373.25,1308624
2026-07-02 12:15:00,376.25,376.75,375.0,375.75,820315
2026-07-02 12:30:00,385.0,387.25,376.0,376.5,5928832
2026-07-02 12:45:00,387.75,388.25,384.0,385.0,2565332
2026-07-02 13:00:00,387.25,388.75,386.5,388.0,2229491
2026-07-02 13:15:00,387.25,388.0,386.5,387.25,1092975
2026-07-02 13:30:00,388.0,388.75,387.0,387.25,748316
2026-07-02 13:45:00,385.25,388.75,384.25,388.0,1314734
2026-07-02 14:00:00,384.25,385.5,383.5,385.25,1082573
2026-07-02 14:15:00,383.25,384.5,382.75,384.25,672689
2026-07-02 14:30:00,383.0,383.75,381.5,383.25,901461
2026-07-02 14:45:00,383.25,384.5,382.25,382.75,950666
2026-07-02 15:00:00,383.75,384.75,382.75,383.0,1131235
2026-07-02 15:15:00,384.0,384.25,383.5,383.5,479845
2026-07-02 15:30:00,384.75,385.25,383.75,384.25,870065
2026-07-02 15:45:00,386.5,387.25,384.5,384.75,897412
2026-07-02 16:00:00,383.5,387.5,382.75,386.5,1063968
2026-07-02 16:15:00,381.75,383.75,381.25,383.25,1164107
2026-07-02 16:30:00,383.25,383.75,381.5,381.75,683383
2026-07-02 16:45:00,383.25,384.0,382.75,383.5,706818
2026-07-02 17:00:00,383.75,385.25,383.0,383.25,868993
2026-07-02 17:15:00,384.5,385.25,383.25,384.0,991300
2026-07-02 17:30:00,384.25,384.5,383.25,384.5,835034
2026-07-02 17:45:00,384.25,384.75,383.75,384.25,1190273
2026-07-03 09:45:00,386.0,386.0,386.0,386.0,0
2026-07-03 10:00:00,389.25,389.5,382.25,386.0,3707637
2026-07-03 10:15:00,391.75,393.0,387.75,389.25,4302475
2026-07-03 10:30:00,390.75,394.5,390.5,391.5,2535510
2026-07-03 10:45:00,391.25,393.0,390.5,391.0,1058245
2026-07-03 11:00:00,388.25,391.25,388.0,391.0,1606443
2026-07-03 11:15:00,388.5,389.5,387.75,388.25,937123
2026-07-03 11:30:00,390.25,390.75,388.0,388.5,927296
2026-07-03 11:45:00,390.75,391.5,389.5,390.25,767079
2026-07-03 12:00:00,389.25,391.25,388.5,390.75,465055
2026-07-03 12:15:00,390.25,390.5,388.75,389.0,519764
2026-07-03 12:30:00,390.75,391.25,390.0,390.5,436877
2026-07-03 12:45:00,392.25,392.25,390.0,390.75,489185
2026-07-03 13:00:00,391.5,392.5,391.0,392.0,335068
2026-07-03 13:15:00,391.75,393.5,390.75,391.5,726786
2026-07-03 13:30:00,396.25,396.5,391.75,391.75,2461707
2026-07-03 13:45:00,395.5,397.75,395.5,396.25,1676938
2026-07-03 14:00:00,392.25,396.25,392.25,395.75,1195373
2026-07-03 14:15:00,392.75,393.25,392.25,392.25,570523
2026-07-03 14:30:00,390.75,393.0,389.5,392.75,1272485
2026-07-03 14:45:00,392.5,392.5,390.5,390.5,596106
2026-07-03 15:00:00,391.75,392.5,391.5,392.25,588397
2026-07-03 15:15:00,391.25,391.75,390.5,391.5,541914
2026-07-03 15:30:00,389.75,391.5,388.75,391.5,1054760
2026-07-03 15:45:00,389.25,390.25,388.75,389.75,694233
2026-07-03 16:00:00,390.5,390.75,387.5,389.5,1474658
2026-07-03 16:15:00,393.5,394.0,390.25,390.25,841297
2026-07-03 16:30:00,393.0,395.25,392.5,393.75,1194843
2026-07-03 16:45:00,393.5,394.25,391.75,393.0,666096
2026-07-03 17:00:00,394.25,394.75,393.5,393.75,722640
2026-07-03 17:15:00,394.0,394.5,392.75,394.25,1264832
2026-07-03 17:30:00,399.25,399.5,393.75,394.0,3572778
2026-07-03 17:45:00,399.0,399.75,397.5,399.5,2457064
2026-07-06 09:45:00,403.75,403.75,403.75,403.75,0
2026-07-06 10:00:00,404.25,409.0,401.0,403.75,7939490
2026-07-06 10:15:00,402.25,404.75,397.0,404.25,4379939
2026-07-06 10:30:00,405.75,407.25,402.0,402.25,3438426
2026-07-06 10:45:00,409.75,410.25,404.5,405.75,3339770
2026-07-06 11:00:00,408.5,409.75,407.0,409.75,1878931
2026-07-06 11:15:00,409.25,411.25,407.0,408.5,1965960
2026-07-06 11:30:00,405.0,410.25,404.0,409.25,2614469
2026-07-06 11:45:00,409.5,409.75,404.75,405.0,1966802
2026-07-06 12:00:00,407.75,410.0,406.5,409.5,944814
2026-07-06 12:15:00,407.25,408.0,407.0,408.0,428836
2026-07-06 12:30:00,406.0,407.5,405.25,407.0,1251715
2026-07-06 12:45:00,406.75,407.25,406.0,406.0,537711
2026-07-06 13:00:00,405.75,407.0,405.75,406.5,394388
2026-07-06 13:15:00,405.5,406.25,405.0,406.0,905324
2026-07-06 13:30:00,404.5,405.5,404.25,405.5,739217
2026-07-06 13:45:00,404.0,404.75,403.75,404.5,598227
2026-07-06 14:00:00,401.5,404.5,401.25,404.25,1244421
2026-07-06 14:15:00,402.75,403.0,401.25,401.75,803030
2026-07-06 14:30:00,401.75,403.25,401.25,402.5,589169
2026-07-06 14:45:00,402.0,402.0,401.25,401.5,429016
2026-07-06 15:00:00,401.5,403.0,400.75,401.75,1073231
2026-07-06 15:15:00,401.25,401.5,398.5,401.5,1596922
2026-07-06 15:30:00,397.75,401.25,397.5,401.25,1007973
2026-07-06 15:45:00,400.5,400.75,397.25,397.5,1079486
2026-07-06 16:00:00,400.75,401.0,398.75,400.75,1011736
2026-07-06 16:15:00,397.5,400.75,396.5,400.5,939673
2026-07-06 16:30:00,400.25,400.5,396.75,397.25,1249081
2026-07-06 16:45:00,401.0,401.25,399.75,400.0,895107
2026-07-06 17:00:00,401.75,402.5,400.5,401.0,1163157
2026-07-06 17:15:00,402.0,404.0,401.0,401.5,1605177
2026-07-06 17:30:00,402.75,403.75,401.5,402.0,1609487
2026-07-06 17:45:00,401.75,403.75,401.75,402.5,2508112
2026-07-07 09:45:00,402.75,402.75,402.75,402.75,0
2026-07-07 10:00:00,407.25,407.5,402.0,402.75,4382632
2026-07-07 10:15:00,407.5,408.0,404.25,407.25,2510761
2026-07-07 10:30:00,407.25,408.0,406.5,407.5,1066800
2026-07-07 10:45:00,409.25,410.0,406.75,407.25,2116274
2026-07-07 11:00:00,408.5,410.0,406.5,409.25,2347307
2026-07-07 11:15:00,409.0,409.5,408.25,408.25,940893
2026-07-07 11:30:00,405.75,409.25,405.25,409.0,1690671
2026-07-07 11:45:00,403.25,406.0,403.0,405.5,1818177
2026-07-07 12:00:00,402.75,404.0,402.25,403.5,1315055
2026-07-07 12:15:00,402.5,403.75,402.25,402.75,487626
2026-07-07 12:30:00,404.5,405.0,400.0,402.75,1961418
2026-07-07 12:45:00,404.5,405.25,403.5,404.5,1284788
2026-07-07 13:00:00,405.0,405.25,403.5,404.5,656802
2026-07-07 13:15:00,403.25,405.0,403.0,405.0,582301
2026-07-07 13:30:00,403.25,404.0,403.0,403.25,362219
2026-07-07 13:45:00,405.25,405.25,403.25,403.25,843087
2026-07-07 14:00:00,404.5,405.25,403.75,405.25,814206
2026-07-07 14:15:00,402.75,405.25,402.5,404.25,1186741
2026-07-07 14:30:00,405.75,405.75,402.25,402.5,1047884
2026-07-07 14:45:00,404.5,407.5,404.25,405.5,1939748
2026-07-07 15:00:00,404.25,405.75,403.5,404.75,901632
2026-07-07 15:15:00,404.0,405.0,403.5,404.25,724972
2026-07-07 15:30:00,406.0,406.75,404.0,404.25,1217024
2026-07-07 15:45:00,402.25,406.25,401.75,406.0,2178988
2026-07-07 16:00:00,397.5,403.5,396.75,402.5,7117529
2026-07-07 16:15:00,399.5,401.0,397.0,397.5,2278463
2026-07-07 16:30:00,395.0,400.75,394.0,399.75,2716297
2026-07-07 16:45:00,394.0,396.5,391.5,395.25,3425539
2026-07-07 17:00:00,389.5,394.0,387.0,394.0,5355750
2026-07-07 17:15:00,387.75,390.0,385.75,389.5,3110212
2026-07-07 17:30:00,385.0,388.75,384.0,388.0,3256119
2026-07-07 17:45:00,382.75,385.25,382.75,384.75,2011235
2026-07-08 09:45:00,383.0,383.0,383.0,383.0,0
2026-07-08 10:00:00,380.25,383.0,377.0,382.75,5181170
2026-07-08 10:15:00,378.25,381.25,375.25,380.25,3519353
2026-07-08 10:30:00,379.25,380.75,377.75,378.25,1965779
2026-07-08 10:45:00,382.75,382.75,379.25,379.25,1499136
2026-07-08 11:00:00,384.0,384.25,380.5,382.5,2544368
2026-07-08 11:15:00,382.5,384.5,381.0,384.0,2935594
2026-07-08 11:30:00,381.5,384.25,381.0,382.5,2184908
2026-07-08 11:45:00,385.25,386.0,381.25,381.5,2517665
2026-07-08 12:00:00,384.5,389.0,384.5,385.0,4156080
2026-07-08 12:15:00,385.25,386.75,384.25,384.75,1122891
2026-07-08 12:30:00,385.75,387.0,385.25,385.25,640239
2026-07-08 12:45:00,384.5,386.0,383.25,385.75,645680
2026-07-08 13:00:00,382.5,385.0,381.75,384.75,832622
2026-07-08 13:15:00,379.5,382.5,378.5,382.25,1177924
2026-07-08 13:30:00,377.0,379.75,376.5,379.5,1050637
2026-07-08 13:45:00,379.0,379.0,375.25,377.0,1151078
2026-07-08 14:00:00,379.75,380.75,378.75,379.0,732542
2026-07-08 14:15:00,380.0,381.0,379.5,379.75,349750
2026-07-08 14:30:00,382.75,383.25,378.5,379.75,1143487
2026-07-08 14:45:00,381.5,382.75,380.75,382.75,529065
2026-07-08 15:00:00,381.25,382.75,381.0,381.75,510694
2026-07-08 15:15:00,382.25,382.25,381.25,381.25,387505
2026-07-08 15:30:00,381.0,382.5,380.75,382.0,456878
2026-07-08 15:45:00,381.25,382.5,380.75,381.0,559263
2026-07-08 16:00:00,381.5,382.25,380.75,381.5,539705
2026-07-08 16:15:00,377.75,382.25,377.5,381.5,939122
2026-07-08 16:30:00,377.5,378.0,376.0,377.5,1069113
2026-07-08 16:45:00,378.5,379.25,377.5,377.75,751017
2026-07-08 17:00:00,378.25,379.0,377.75,378.5,572546
2026-07-08 17:15:00,376.75,378.25,376.5,378.25,612856
2026-07-08 17:30:00,378.75,380.0,376.75,376.75,1085813
2026-07-08 17:45:00,377.75,379.0,377.25,378.75,1919372
2026-07-09 09:45:00,378.5,378.5,378.5,378.5,0
2026-07-09 10:00:00,371.25,382.0,370.5,378.25,5385445
2026-07-09 10:15:00,370.25,371.5,368.75,371.25,2370426
2026-07-09 10:30:00,369.25,370.25,368.25,370.25,1275797
2026-07-09 10:45:00,367.75,369.75,366.75,369.5,2928889
2026-07-09 11:00:00,367.75,368.25,365.25,367.5,1207759
2026-07-09 11:15:00,366.25,367.75,366.0,367.5,922886
2026-07-09 11:30:00,366.25,367.75,365.0,366.0,877229
2026-07-09 11:45:00,364.25,366.25,364.0,366.25,1765998
2026-07-09 12:00:00,361.75,364.5,361.25,364.5,1801894
2026-07-09 12:15:00,362.0,363.25,361.25,361.75,994235
2026-07-09 12:30:00,362.75,363.5,360.5,362.0,2060887
2026-07-09 12:45:00,362.5,363.0,361.5,362.75,800686
2026-07-09 13:00:00,362.75,363.0,361.75,362.25,435938
2026-07-09 13:15:00,362.25,363.0,361.75,362.75,391774
2026-07-09 13:30:00,359.75,362.5,359.75,362.25,1070479
2026-07-09 13:45:00,362.25,362.25,359.25,360.0,1117744
2026-07-09 14:00:00,359.75,363.5,359.5,362.0,1351931
2026-07-09 14:15:00,359.75,360.5,359.25,359.75,622806
2026-07-09 14:30:00,360.25,360.75,358.5,359.5,972990
2026-07-09 14:45:00,362.0,362.25,360.25,360.5,854046
2026-07-09 15:00:00,362.25,362.75,361.75,361.75,433407
2026-07-09 15:15:00,363.5,363.5,361.5,362.0,649710
2026-07-09 15:30:00,363.75,364.75,363.0,363.25,743011
2026-07-09 15:45:00,361.75,363.75,361.5,363.75,395372
2026-07-09 16:00:00,361.0,362.25,360.75,361.75,428325
2026-07-09 16:15:00,361.25,361.5,360.25,361.0,377666
2026-07-09 16:30:00,361.25,361.5,360.75,361.25,231720
2026-07-09 16:45:00,361.75,362.0,360.75,361.0,349286
2026-07-09 17:00:00,361.0,361.75,361.0,361.75,583174
2026-07-09 17:15:00,358.75,361.5,358.5,361.0,1247153
2026-07-09 17:30:00,360.0,360.0,358.75,358.75,1215016
2026-07-09 17:45:00,358.75,361.25,358.25,360.0,1888507
2026-07-10 09:45:00,359.0,359.0,359.0,359.0,0
2026-07-10 10:00:00,361.25,361.5,355.0,359.25,4761654
2026-07-10 10:15:00,363.0,363.75,361.0,361.25,2853095
2026-07-10 10:30:00,362.75,364.0,361.75,363.0,1484044
2026-07-10 10:45:00,371.5,375.0,361.5,362.75,6597420
2026-07-10 11:00:00,372.25,373.5,368.5,371.5,4568002
2026-07-10 11:15:00,374.75,374.75,371.75,372.0,2552196
2026-07-10 11:30:00,374.0,375.25,372.75,374.5,1436538
2026-07-10 11:45:00,372.25,374.0,371.75,373.75,1056780
2026-07-10 12:00:00,369.75,372.5,369.5,372.0,1041814
2026-07-10 12:15:00,368.0,369.75,367.25,369.75,1429185
2026-07-10 12:30:00,365.5,368.25,365.0,368.0,1374819
2026-07-10 12:45:00,365.25,366.75,365.0,365.75,918034
2026-07-10 13:00:00,362.5,365.5,362.25,365.5,1339335
2026-07-10 13:15:00,363.0,364.25,362.5,362.5,1040685
2026-07-10 13:30:00,361.5,363.0,361.25,362.75,643286
2026-07-10 13:45:00,364.5,365.75,361.0,361.5,1679614
2026-07-10 14:00:00,364.5,365.25,363.5,364.5,861108
2026-07-10 14:15:00,365.0,365.75,364.25,364.5,648166
2026-07-10 14:30:00,366.75,367.25,364.5,365.0,964831
2026-07-10 14:45:00,367.25,369.5,366.25,366.75,1476881
2026-07-10 15:00:00,367.75,368.5,366.25,367.5,722699
2026-07-10 15:15:00,366.5,368.5,365.75,368.0,661027
2026-07-10 15:30:00,365.5,366.5,365.25,366.5,657177
2026-07-10 15:45:00,365.5,365.75,364.5,365.25,633164
2026-07-10 16:00:00,366.25,366.25,364.5,365.5,611731
2026-07-10 16:15:00,369.0,371.0,366.0,366.25,3085971
2026-07-10 16:30:00,370.5,371.25,368.25,369.0,1636153
2026-07-10 16:45:00,369.75,372.0,369.25,370.5,1104915
2026-07-10 17:00:00,369.5,371.0,369.25,369.75,1183950
2026-07-10 17:15:00,368.5,369.75,367.75,369.5,774413
2026-07-10 17:30:00,369.75,370.25,366.75,368.25,1908770
2026-07-10 17:45:00,368.75,370.5,368.5,369.5,1588217
2026-07-13 09:45:00,370.0,370.0,370.0,370.0,0
2026-07-13 10:00:00,360.0,370.5,359.75,370.0,4563406
2026-07-13 10:15:00,359.5,361.0,359.25,360.25,1874103
2026-07-13 10:30:00,360.25,363.25,358.75,359.75,2256587
2026-07-13 10:45:00,358.0,360.5,357.25,360.5,2107490
2026-07-13 11:00:00,359.5,360.25,356.5,358.0,1553009
2026-07-13 11:15:00,358.5,359.75,358.25,359.75,744992
2026-07-13 11:30:00,358.25,358.5,357.75,358.5,642485
2026-07-13 11:45:00,356.75,358.5,356.5,358.25,731814
2026-07-13 12:00:00,356.25,357.0,355.0,356.75,1223331
2026-07-13 12:15:00,357.5,358.5,355.5,356.25,1289856
2026-07-13 12:30:00,356.75,358.0,356.5,357.5,375069
2026-07-13 12:45:00,357.5,357.75,356.25,356.75,312396
2026-07-13 13:00:00,355.5,358.25,355.5,357.5,692100
2026-07-13 13:15:00,355.0,356.25,353.75,355.5,1515803
2026-07-13 13:30:00,354.25,355.0,353.75,355.0,905552
2026-07-13 13:45:00,355.75,356.0,354.0,354.5,659334
2026-07-13 14:00:00,356.0,356.5,355.25,355.75,514532
2026-07-13 14:15:00,355.0,356.25,354.75,356.0,640469
2026-07-13 14:30:00,355.25,355.5,354.75,355.25,348222
2026-07-13 14:45:00,354.5,355.25,354.25,355.25,412720
2026-07-13 15:00:00,354.25,355.0,353.25,354.75,891216
2026-07-13 15:15:00,354.0,354.5,353.25,354.25,516016
2026-07-13 15:30:00,355.25,355.75,353.75,354.0,610617
2026-07-13 15:45:00,355.25,355.5,354.5,355.25,409913
2026-07-13 16:00:00,355.25,355.25,354.5,355.25,359357
2026-07-13 16:15:00,354.75,355.25,354.25,355.0,289675
2026-07-13 16:30:00,353.0,355.25,352.5,354.75,1264569
2026-07-13 16:45:00,354.5,354.75,352.75,353.0,677430
2026-07-13 17:00:00,353.75,355.0,353.75,354.5,765481
2026-07-13 17:15:00,354.0,354.25,353.5,354.0,616041
2026-07-13 17:30:00,353.75,354.75,353.75,354.0,1163273
2026-07-13 17:45:00,352.75,354.25,352.5,354.0,2455881
2026-07-14 09:45:00,352.75,352.75,352.75,352.75,0
2026-07-14 10:00:00,350.25,353.25,347.0,352.75,5157107
2026-07-14 10:15:00,351.0,351.5,349.25,350.5,1613100
2026-07-14 10:30:00,350.75,352.0,349.75,351.0,1376098
2026-07-14 10:45:00,350.5,351.0,349.75,350.5,817379
2026-07-14 11:00:00,350.75,351.0,349.75,350.25,797731
2026-07-14 11:15:00,352.0,352.25,349.75,351.0,1895512
2026-07-14 11:30:00,350.75,352.0,350.75,351.75,721725
2026-07-14 11:45:00,351.25,351.75,350.75,351.0,381702
2026-07-14 12:00:00,351.25,353.25,351.25,351.5,1529406
2026-07-14 12:15:00,348.75,351.5,348.25,351.5,2073342
2026-07-14 12:30:00,347.5,348.75,347.0,348.75,1340423
2026-07-14 12:45:00,347.5,347.75,346.5,347.5,914841
2026-07-14 13:00:00,348.75,349.5,347.25,347.5,765194
2026-07-14 13:15:00,349.0,350.0,348.5,348.75,506128
2026-07-14 13:30:00,349.0,349.25,348.25,349.0,342267
2026-07-14 13:45:00,349.25,349.5,348.75,348.75,304769
2026-07-14 14:00:00,348.5,349.5,348.5,349.25,352415
2026-07-14 14:15:00,350.25,350.5,348.5,348.75,778435
2026-07-14 14:30:00,350.0,351.5,349.5,350.25,1347587
2026-07-14 14:45:00,350.5,351.5,349.5,349.75,684673
2026-07-14 15:00:00,350.0,350.75,349.75,350.5,472183
2026-07-14 15:15:00,349.75,350.0,349.25,350.0,478191
2026-07-14 15:30:00,347.75,350.75,347.5,349.5,1592719
2026-07-14 15:45:00,346.25,348.25,346.0,347.75,1198777
2026-07-14 16:00:00,347.0,347.5,345.5,346.25,1264064
2026-07-14 16:15:00,347.25,347.25,345.75,347.0,677675
2026-07-14 16:30:00,347.0,347.25,346.0,347.25,777205
2026-07-14 16:45:00,346.25,347.0,345.5,347.0,850096
2026-07-14 17:00:00,347.75,348.25,346.0,346.25,1252055
2026-07-14 17:15:00,347.0,348.25,346.75,348.0,1308950
2026-07-14 17:30:00,347.5,348.5,347.0,347.0,1421139
2026-07-14 17:45:00,347.75,348.25,347.25,347.75,1790315
2026-07-16 09:45:00,349.0,349.0,349.0,349.0,0
2026-07-16 10:00:00,354.5,354.75,349.0,349.25,5035438
2026-07-16 10:15:00,355.0,355.25,353.5,354.5,2294381
2026-07-16 10:30:00,358.0,358.25,354.75,354.75,2445944
2026-07-16 10:45:00,359.5,359.75,355.75,358.0,2497445
2026-07-16 11:00:00,362.25,363.0,359.0,359.5,3690343
2026-07-16 11:15:00,360.75,362.75,359.75,362.0,1932866
2026-07-16 11:30:00,360.5,361.25,359.75,360.75,1034178
2026-07-16 11:45:00,360.25,361.25,360.0,360.75,470117
2026-07-16 12:00:00,359.75,360.75,359.5,360.25,693991
2026-07-16 12:15:00,358.5,359.75,358.25,359.75,947041
2026-07-16 12:30:00,357.5,359.0,356.5,358.75,993592
2026-07-16 12:45:00,357.0,357.5,356.25,357.5,689810
2026-07-16 13:00:00,355.75,357.0,355.5,357.0,394798
2026-07-16 13:15:00,357.25,357.5,355.5,355.75,667998
2026-07-16 13:30:00,357.0,357.5,356.5,357.25,563022
2026-07-16 13:45:00,361.0,362.0,356.75,357.0,1668334
2026-07-16 14:00:00,358.0,361.25,357.75,361.0,793809
2026-07-16 14:15:00,358.75,359.0,357.25,358.0,468730
2026-07-16 14:30:00,359.5,360.25,358.5,358.75,812659
2026-07-16 14:45:00,359.0,359.75,358.5,359.5,554607
2026-07-16 15:00:00,357.5,359.25,357.0,359.0,585751
2026-07-16 15:15:00,357.5,358.0,357.25,357.5,416010
2026-07-16 15:30:00,356.5,358.5,356.0,357.5,833149
2026-07-16 15:45:00,355.75,357.0,355.5,356.25,569718
2026-07-16 16:00:00,354.5,356.75,354.25,355.75,1197847
2026-07-16 16:15:00,355.5,355.75,354.5,354.75,404873
2026-07-16 16:30:00,355.25,356.0,354.5,355.5,484694
2026-07-16 16:45:00,355.0,355.25,354.0,355.25,374596
2026-07-16 17:00:00,355.5,356.0,354.75,355.0,580629
2026-07-16 17:15:00,354.5,355.75,353.5,355.5,818171
2026-07-16 17:30:00,353.5,354.75,353.0,354.5,1127832
2026-07-16 17:45:00,353.0,353.75,351.75,353.5,2006136
2026-07-17 09:45:00,350.25,350.25,350.25,350.25,0
2026-07-17 10:00:00,345.5,351.75,345.0,350.25,5556087
2026-07-17 10:15:00,348.5,349.5,345.25,345.5,3640832
2026-07-17 10:30:00,349.0,350.75,348.25,348.5,2331077
2026-07-17 10:45:00,346.75,350.75,346.25,349.25,2273843
2026-07-17 11:00:00,346.5,347.0,345.75,346.75,1242581
2026-07-17 11:15:00,345.75,346.75,344.5,346.5,1640359
2026-07-17 11:30:00,346.0,347.75,345.0,345.75,974809
2026-07-17 11:45:00,346.5,346.75,345.5,345.75,663144
2026-07-17 12:00:00,347.25,348.0,346.25,346.5,911941
2026-07-17 12:15:00,349.5,350.0,346.75,347.25,1550080
2026-07-17 12:30:00,348.75,350.25,348.25,349.5,1248906
2026-07-17 12:45:00,349.0,350.25,348.25,348.75,1110698
2026-07-17 13:00:00,348.75,350.25,348.5,349.0,1038123
2026-07-17 13:15:00,350.0,350.25,348.5,348.75,813281
2026-07-17 13:30:00,350.0,351.5,349.75,350.25,1759215
2026-07-17 13:45:00,349.25,350.25,349.25,349.75,624271
2026-07-17 14:00:00,348.25,349.25,347.75,349.25,1192248
2026-07-17 14:15:00,347.75,348.75,347.25,348.25,1226957
2026-07-17 14:30:00,347.25,348.0,346.25,348.0,1033342
2026-07-17 14:45:00,347.0,347.75,346.5,347.25,609047
2026-07-17 15:00:00,348.75,349.0,346.75,347.0,772859
2026-07-17 15:15:00,348.5,349.5,348.0,348.75,922529
2026-07-17 15:30:00,348.25,349.0,348.0,348.5,422096
2026-07-17 15:45:00,348.0,349.25,347.5,348.0,773654
2026-07-17 16:00:00,349.0,349.25,347.75,348.0,830026
2026-07-17 16:15:00,349.25,349.5,347.5,349.0,797162
2026-07-17 16:30:00,348.5,349.5,348.0,349.25,645650
2026-07-17 16:45:00,350.25,350.5,348.0,348.25,1166372
2026-07-17 17:00:00,349.5,350.75,349.25,350.5,775944
2026-07-17 17:15:00,351.75,352.25,349.25,349.5,1632819
2026-07-17 17:30:00,350.0,351.75,349.75,351.5,1274974
2026-07-17 17:45:00,351.75,353.25,349.75,350.0,2135465
2026-07-20 09:45:00,353.25,353.25,353.25,353.25,0
2026-07-20 10:00:00,352.0,354.25,348.75,353.25,3170705
2026-07-20 10:15:00,352.75,353.25,350.75,352.0,1888366
2026-07-20 10:30:00,350.5,353.25,350.25,352.75,2099107
2026-07-20 10:45:00,350.5,351.25,349.75,350.5,944310
2026-07-20 11:00:00,350.0,350.5,348.75,350.25,1250968
2026-07-20 11:15:00,351.0,351.25,349.75,350.0,954145
2026-07-20 11:30:00,351.25,352.25,350.25,351.25,1111467
2026-07-20 11:45:00,351.0,351.5,350.75,351.0,326085
2026-07-20 12:00:00,352.5,352.75,350.75,351.0,968600
2026-07-20 12:15:00,355.5,355.75,352.25,352.75,1797295
2026-07-20 12:30:00,355.75,356.5,354.75,355.5,1518236
2026-07-20 12:45:00,354.75,355.75,353.25,355.5,1236166
2026-07-20 13:00:00,356.0,356.25,354.75,355.0,694580
2026-07-20 13:15:00,355.5,356.25,354.25,355.75,743984
2026-07-20 13:30:00,355.5,355.75,354.75,355.75,233259
2026-07-20 13:45:00,355.75,356.25,355.25,355.25,409410
2026-07-20 14:00:00,360.75,360.75,355.75,356.0,2433850
2026-07-20 14:15:00,358.5,361.25,358.25,360.5,1697172
2026-07-20 14:30:00,359.25,360.75,358.25,358.75,1345288
2026-07-20 14:45:00,360.25,361.75,359.25,359.5,1621433
2026-07-20 15:00:00,360.5,360.75,359.25,360.25,1065593
2026-07-20 15:15:00,359.5,360.5,359.25,360.5,570460
2026-07-20 15:30:00,358.5,360.0,358.25,359.5,575761
2026-07-20 15:45:00,358.75,359.25,358.5,358.5,379551
2026-07-20 16:00:00,357.25,360.0,356.75,358.5,1262871
2026-07-20 16:15:00,357.5,357.5,355.75,357.25,945714
2026-07-20 16:30:00,357.5,358.0,357.0,357.5,678992
2026-07-20 16:45:00,357.25,358.25,356.75,357.5,728613
2026-07-20 17:00:00,358.25,359.75,356.75,357.0,2983662
2026-07-20 17:15:00,356.75,358.25,356.5,358.0,752722
2026-07-20 17:30:00,356.0,357.0,355.25,357.0,957634
2026-07-20 17:45:00,354.75,356.25,354.5,355.75,2053867
2026-07-21 09:45:00,355.5,355.5,355.5,355.5,0
2026-07-21 10:00:00,359.25,360.25,353.5,355.5,4481315
2026-07-21 10:15:00,360.25,361.75,359.25,359.25,2479459
2026-07-21 10:30:00,363.0,363.5,360.0,360.25,2597680
2026-07-21 10:45:00,361.75,363.5,360.5,363.25,1500404
2026-07-21 11:00:00,359.25,362.25,358.75,361.75,1163322
2026-07-21 11:15:00,360.25,361.0,359.0,359.0,879393
2026-07-21 11:30:00,359.0,360.5,358.75,360.25,581024
2026-07-21 11:45:00,357.5,359.25,356.75,359.25,1275922
2026-07-21 12:00:00,358.25,359.0,356.5,357.5,1289834
2026-07-21 12:15:00,357.25,358.75,357.25,358.0,479885
2026-07-21 12:30:00,357.0,357.75,356.5,357.5,452765
2026-07-21 12:45:00,357.25,357.75,356.75,356.75,273677
2026-07-21 13:00:00,359.25,359.25,355.75,357.25,1378507
2026-07-21 13:15:00,360.5,361.25,359.0,359.25,1420745
2026-07-21 13:30:00,360.25,361.0,359.5,360.5,745137
2026-07-21 13:45:00,362.0,362.0,360.0,360.25,1260778
2026-07-21 14:00:00,359.25,362.0,359.0,361.75,1255808
2026-07-21 14:15:00,361.0,361.5,359.75,359.75,813059
2026-07-21 14:30:00,361.5,362.0,360.0,360.75,906259
2026-07-21 14:45:00,360.75,361.5,360.0,361.5,745912
2026-07-21 15:00:00,361.25,361.5,360.5,360.75,500906
2026-07-21 15:15:00,360.75,361.5,360.75,361.25,355161
2026-07-21 15:30:00,359.5,361.25,359.25,361.0,629165
2026-07-21 15:45:00,360.25,360.75,359.25,359.5,509364
2026-07-21 16:00:00,361.25,361.5,359.75,360.25,542783
2026-07-21 16:15:00,362.0,362.5,361.0,361.0,1385133
2026-07-21 16:30:00,360.25,362.0,360.0,362.0,736022
2026-07-21 16:45:00,361.25,361.75,360.25,360.5,366664
2026-07-21 17:00:00,361.5,361.5,360.75,361.0,339652
2026-07-21 17:15:00,361.0,361.5,361.0,361.25,305473
2026-07-21 17:30:00,361.0,361.5,360.0,361.25,585303
2026-07-21 17:45:00,360.75,361.25,360.5,360.75,1061442
2026-07-22 09:45:00,362.0,362.0,362.0,362.0,0
2026-07-22 10:00:00,361.75,365.75,360.25,361.75,4096760
2026-07-22 10:15:00,363.5,364.75,361.75,362.0,2125450
2026-07-22 10:30:00,362.5,364.0,360.0,363.75,1918471
2026-07-22 10:45:00,363.75,364.0,362.0,362.5,1090917
2026-07-22 11:00:00,364.5,365.75,363.5,363.5,2415388
2026-07-22 11:15:00,365.0,366.0,364.25,364.25,1054656
2026-07-22 11:30:00,364.5,365.5,364.0,365.0,639367
2026-07-22 11:45:00,365.0,366.0,364.25,364.5,950523
2026-07-22 12:00:00,367.0,367.5,365.0,365.25,1574510
2026-07-22 12:15:00,369.0,369.75,367.0,367.0,2689308
2026-07-22 12:30:00,368.5,369.25,367.75,369.0,815468
2026-07-22 12:45:00,368.75,369.25,367.25,368.5,916908
2026-07-22 13:00:00,368.75,369.5,368.25,368.75,613268
2026-07-22 13:15:00,368.25,369.0,367.25,368.75,864756
2026-07-22 13:30:00,365.75,368.5,365.5,368.5,807646
2026-07-22 13:45:00,364.5,366.25,364.5,365.75,943147
2026-07-22 14:00:00,367.75,368.0,364.25,364.75,1394985
2026-07-22 14:15:00,366.0,368.25,365.75,367.75,601625
2026-07-22 14:30:00,367.0,367.25,365.75,365.75,573273
2026-07-22 14:45:00,366.75,368.0,366.5,367.0,635140
2026-07-22 15:00:00,368.5,369.0,366.25,366.75,765473
2026-07-22 15:15:00,369.25,371.75,368.5,368.75,3208921
2026-07-22 15:30:00,370.75,372.75,369.0,369.5,2823279
2026-07-22 15:45:00,371.75,372.25,370.75,370.75,1194697
2026-07-22 16:00:00,370.25,372.25,370.25,371.5,792773
2026-07-22 16:15:00,370.25,371.0,369.75,370.25,555637
2026-07-22 16:30:00,370.25,370.75,369.75,370.25,491583
2026-07-22 16:45:00,371.0,372.0,370.5,370.5,1009299
2026-07-22 17:00:00,374.5,375.25,371.0,371.0,3103375
2026-07-22 17:15:00,374.75,376.0,373.5,374.5,2113088
2026-07-22 17:30:00,372.75,375.0,372.0,374.75,1946087
2026-07-22 17:45:00,370.25,373.25,370.0,372.75,1862165
2026-07-23 09:45:00,371.5,371.5,371.5,371.5,0
2026-07-23 10:00:00,375.0,376.75,370.0,371.5,5252362
2026-07-23 10:15:00,376.0,376.25,373.75,374.75,2105490
2026-07-23 10:30:00,377.75,378.0,375.5,376.0,2563981
2026-07-23 10:45:00,376.75,378.75,375.0,377.75,1980846
2026-07-23 11:00:00,377.0,378.5,375.5,376.75,1072928
2026-07-23 11:15:00,378.25,378.25,375.0,377.0,1670515
2026-07-23 11:30:00,375.75,378.25,375.25,378.25,1297055
2026-07-23 11:45:00,377.0,377.5,375.5,375.75,718851
2026-07-23 12:00:00,377.0,377.5,376.5,377.25,612350
2026-07-23 12:15:00,378.25,378.25,377.0,377.0,851597
2026-07-23 12:30:00,378.0,378.5,377.25,378.25,363651
2026-07-23 12:45:00,379.25,379.25,377.5,378.0,855000
2026-07-23 13:00:00,378.0,379.5,378.0,379.25,535725
2026-07-23 13:15:00,378.75,379.5,377.75,378.0,481897
2026-07-23 13:30:00,379.25,379.5,378.25,378.75,298926
2026-07-23 13:45:00,380.5,381.0,378.75,379.25,1116190
2026-07-23 14:00:00,378.25,380.5,378.0,380.25,932942
2026-07-23 14:15:00,377.5,378.5,375.0,378.0,2450191
2026-07-23 14:30:00,377.5,379.0,377.25,377.5,1053676
2026-07-23 14:45:00,377.5,377.75,377.0,377.25,340320
2026-07-23 15:00:00,375.0,377.5,374.5,377.5,1498911
2026-07-23 15:15:00,375.75,376.5,374.25,375.25,1361873
2026-07-23 15:30:00,375.25,376.5,375.0,375.75,1140383
2026-07-23 15:45:00,375.75,376.5,375.0,375.25,678174
2026-07-23 16:00:00,375.0,375.75,374.5,375.75,677946
2026-07-23 16:15:00,373.25,375.5,372.75,374.75,1787378
2026-07-23 16:30:00,375.0,375.25,372.75,373.25,559754
2026-07-23 16:45:00,374.25,375.25,374.0,375.25,607850
2026-07-23 17:00:00,376.25,376.5,374.25,374.25,1016843
2026-07-23 17:15:00,376.75,377.5,376.0,376.25,1195674
2026-07-23 17:30:00,377.0,377.75,375.75,377.0,901589
2026-07-23 17:45:00,376.5,377.25,376.0,376.75,1433520
2026-07-24 09:45:00,376.25,376.25,376.25,376.25,0
2026-07-24 10:00:00,379.25,380.25,371.5,376.25,4002468
2026-07-24 10:15:00,384.5,384.75,379.0,379.25,3833582
2026-07-24 10:30:00,387.25,388.5,384.25,384.5,3483699
2026-07-24 10:45:00,385.5,387.5,385.0,387.0,1687455
2026-07-24 11:00:00,386.25,386.75,384.75,385.5,1546943
2026-07-24 11:15:00,388.5,388.75,386.25,386.25,1461438
2026-07-24 11:30:00,389.25,391.25,388.25,388.5,2680962
2026-07-24 11:45:00,386.0,389.5,385.25,389.25,1508895
2026-07-24 12:00:00,385.75,386.75,384.75,386.0,946117
2026-07-24 12:15:00,385.75,386.0,384.75,385.75,629647
2026-07-24 12:30:00,384.75,386.0,384.5,385.75,639739
2026-07-24 12:45:00,380.75,385.5,380.25,384.5,1842292
2026-07-24 13:00:00,380.0,380.75,379.0,380.75,1654811
2026-07-24 13:15:00,381.25,382.0,380.0,380.25,676701
2026-07-24 13:30:00,379.75,381.5,379.5,381.25,566152
2026-07-24 13:45:00,383.25,383.5,379.5,379.75,1512923
2026-07-24 14:00:00,381.75,384.0,381.75,383.0,989474
2026-07-24 14:15:00,381.75,383.25,381.0,381.75,770686
2026-07-24 14:30:00,381.25,381.75,380.25,381.75,461884
2026-07-24 14:45:00,381.25,381.5,380.25,381.25,572196
2026-07-24 15:00:00,380.25,381.5,379.75,381.25,569756
2026-07-24 15:15:00,379.75,380.25,379.5,380.25,557057
2026-07-24 15:30:00,379.5,380.0,378.5,379.75,1131627
2026-07-24 15:45:00,379.25,380.25,378.5,379.25,733424
2026-07-24 16:00:00,378.25,379.75,377.75,379.5,858838
2026-07-24 16:15:00,378.75,379.5,378.0,378.5,528039
2026-07-24 16:30:00,379.5,380.25,378.75,378.75,684256
2026-07-24 16:45:00,379.5,379.75,377.25,379.5,944018
2026-07-24 17:00:00,381.5,382.25,379.5,379.5,1266610
2026-07-24 17:15:00,381.75,382.0,380.75,381.5,668563
2026-07-24 17:30:00,381.25,382.25,381.0,382.0,802107
2026-07-24 17:45:00,380.25,381.5,379.75,381.25,1551933
2026-07-27 09:45:00,381.25,381.25,381.25,381.25,0
2026-07-27 10:00:00,376.75,382.5,375.25,381.25,4204570
2026-07-27 10:15:00,369.0,376.75,368.5,376.75,3717801
2026-07-27 10:30:00,369.75,371.0,368.5,369.0,1554687
2026-07-27 10:45:00,369.5,372.0,369.25,369.75,950347
2026-07-27 11:00:00,368.25,370.5,366.25,369.25,1988743
2026-07-27 11:15:00,368.5,369.25,366.75,368.0,777737
2026-07-27 11:30:00,369.5,370.75,368.25,368.5,934497
2026-07-27 11:45:00,369.25,370.5,368.5,369.25,743750
2026-07-27 12:00:00,367.5,369.5,367.25,369.5,481882
2026-07-27 12:15:00,365.75,367.5,365.5,367.5,762317
2026-07-27 12:30:00,365.25,366.0,364.5,366.0,1010685
2026-07-27 12:45:00,364.75,365.75,364.25,365.25,893412
2026-07-27 13:00:00,364.0,365.25,363.5,364.75,823106
2026-07-27 13:15:00,365.0,365.5,363.75,363.75,501801
2026-07-27 13:30:00,362.5,365.0,362.25,364.75,555607
2026-07-27 13:45:00,362.25,363.75,362.25,362.75,605787
2026-07-27 14:00:00,364.75,364.75,362.0,362.25,1267688
2026-07-27 14:15:00,363.25,365.0,362.75,364.75,573668
2026-07-27 14:30:00,363.25,363.5,362.25,363.0,567996
2026-07-27 14:45:00,363.25,363.75,362.5,363.0,514891
2026-07-27 15:00:00,363.5,364.0,363.0,363.0,290558
2026-07-27 15:15:00,363.25,364.0,362.5,363.75,526940
2026-07-27 15:30:00,363.25,364.5,363.0,363.5,419452
2026-07-27 15:45:00,364.5,364.75,362.5,363.0,766091
2026-07-27 16:00:00,364.5,365.0,363.5,364.25,556650
2026-07-27 16:15:00,364.5,365.0,363.5,364.5,485299
2026-07-27 16:30:00,365.5,366.25,364.25,364.25,1089407
2026-07-27 16:45:00,364.75,365.75,364.25,365.75,556901
2026-07-27 17:00:00,363.0,364.75,362.75,364.75,674729
2026-07-27 17:15:00,363.0,364.75,362.75,363.25,520698
2026-07-27 17:30:00,361.5,363.25,361.25,363.0,1176583
2026-07-27 17:45:00,361.75,361.75,360.75,361.25,1501700
2026-07-28 09:45:00,360.5,360.5,360.5,360.5,0
2026-07-28 10:00:00,360.5,362.75,359.0,360.5,2096568
2026-07-28 10:15:00,360.75,361.75,360.0,360.25,935887
2026-07-28 10:30:00,361.25,362.5,359.25,361.0,1283255
2026-07-28 10:45:00,361.75,362.0,360.5,361.25,654671
2026-07-28 11:00:00,362.5,364.25,361.25,361.75,1622664
2026-07-28 11:15:00,364.5,365.0,362.25,362.25,1191964
2026-07-28 11:30:00,364.75,365.0,364.0,364.5,371908
2026-07-28 11:45:00,364.75,365.5,363.75,365.0,511709
2026-07-28 12:00:00,366.0,366.0,364.25,364.75,692201
2026-07-28 12:15:00,365.25,366.25,365.0,366.0,582002
2026-07-28 12:30:00,365.0,365.25,364.5,365.25,296073
2026-07-28 12:45:00,364.75,365.5,364.5,365.25,286182
2026-07-28 13:00:00,363.5,364.75,363.25,364.5,610965
2026-07-28 13:15:00,362.5,363.5,362.25,363.5,331546
2026-07-28 13:30:00,363.0,363.75,362.5,362.75,407801
2026-07-28 13:45:00,363.25,363.75,362.75,363.0,283546
2026-07-28 14:00:00,362.0,364.0,362.0,363.25,711699
2026-07-28 14:15:00,362.25,363.25,361.75,362.0,417240
2026-07-28 14:30:00,363.25,363.5,362.0,362.25,313302
2026-07-28 14:45:00,361.25,363.75,360.75,363.25,543291
2026-07-28 15:00:00,360.5,362.0,360.25,361.25,394904
2026-07-28 15:15:00,361.25,362.0,360.25,360.5,425105
2026-07-28 15:30:00,360.0,361.5,359.75,361.25,533419
2026-07-28 15:45:00,360.0,361.25,359.75,360.25,464780
2026-07-28 16:00:00,358.5,360.0,358.25,360.0,805203
2026-07-28 16:15:00,358.75,359.5,358.25,358.25,430419
2026-07-28 16:30:00,358.0,359.25,357.75,358.75,382422
2026-07-28 16:45:00,356.5,358.25,355.5,358.0,815237
2026-07-28 17:00:00,357.5,359.75,356.5,356.75,589758
2026-07-28 17:15:00,357.75,357.75,356.5,357.5,350211
2026-07-28 17:30:00,359.25,359.25,357.25,357.5,709314
2026-07-28 17:45:00,358.5,359.75,357.75,359.0,1377982
2026-07-29 09:45:00,357.5,357.5,357.5,357.5,0
2026-07-29 10:00:00,357.75,360.25,357.0,357.5,1763900
2026-07-29 10:15:00,357.5,359.0,356.75,357.5,833993
2026-07-29 10:30:00,360.5,361.5,357.25,357.5,1035086
2026-07-29 10:45:00,357.0,360.75,356.25,360.75,1077801
2026-07-29 11:00:00,355.5,357.25,355.0,357.0,917911
2026-07-29 11:15:00,356.25,356.5,354.5,355.5,862247
2026-07-29 11:30:00,358.5,358.75,356.25,356.5,530643
2026-07-29 11:45:00,359.0,359.0,357.25,358.25,580405
2026-07-29 12:00:00,357.25,359.0,356.75,359.0,407948
2026-07-29 12:15:00,358.75,359.25,356.75,357.0,505222
2026-07-29 12:30:00,361.0,361.5,358.5,358.75,882091
2026-07-29 12:45:00,361.75,362.75,360.75,361.0,1111883
2026-07-29 13:00:00,360.5,362.0,360.25,361.75,518473
2026-07-29 13:15:00,359.5,360.75,359.0,360.5,323692
2026-07-29 13:30:00,359.5,359.5,358.5,359.5,404999
2026-07-29 13:45:00,359.0,359.5,358.5,359.5,474081
2026-07-29 14:00:00,361.0,361.0,358.5,359.0,427294
2026-07-29 14:15:00,360.5,361.5,360.25,361.0,539244
2026-07-29 14:30:00,359.0,360.5,357.75,360.5,851994
2026-07-29 14:45:00,359.5,359.75,359.0,359.0,276789
2026-07-29 15:00:00,358.5,360.0,358.5,359.25,377823
2026-07-29 15:15:00,357.75,359.0,357.0,358.75,648448
2026-07-29 15:30:00,357.0,358.0,357.0,357.75,413834
2026-07-29 15:45:00,356.5,357.25,356.0,357.0,451816
2026-07-29 16:00:00,357.0,357.25,355.25,356.5,769868
2026-07-29 16:15:00,355.5,357.25,355.25,357.25,703115
2026-07-29 16:30:00,354.75,355.5,354.25,355.5,703387
2026-07-29 16:45:00,353.25,355.25,353.25,354.75,500647
2026-07-29 17:00:00,352.75,354.5,352.5,353.5,713056
2026-07-29 17:15:00,352.75,353.75,352.0,352.75,689291
2026-07-29 17:30:00,352.75,354.0,352.25,352.5,953172
2026-07-29 17:45:00,354.25,354.75,352.5,353.0,1292744
2026-07-30 09:45:00,354.5,354.5,354.5,354.5,0
2026-07-30 10:00:00,351.5,356.0,350.25,354.5,2169761
2026-07-30 10:15:00,349.0,352.25,348.75,351.25,1314931
2026-07-30 10:30:00,345.75,349.0,345.25,349.0,1389405
2026-07-30 10:45:00,344.25,346.5,344.0,345.75,1220778
2026-07-30 11:00:00,345.0,345.75,344.0,344.0,865963
2026-07-30 11:15:00,345.25,347.25,343.5,345.0,1344356
2026-07-30 11:30:00,345.5,346.25,344.75,345.5,719731
2026-07-30 11:45:00,346.25,346.75,345.5,345.75,494513
2026-07-30 12:00:00,346.5,347.25,345.75,346.25,667910
2026-07-30 12:15:00,344.75,346.25,344.5,346.25,762278
2026-07-30 12:30:00,344.75,345.0,343.0,344.75,1226187
2026-07-30 12:45:00,344.5,345.25,344.0,344.5,390117
2026-07-30 13:00:00,344.25,345.0,344.0,344.5,405587
2026-07-30 13:15:00,344.25,345.0,344.0,344.25,583540
2026-07-30 13:30:00,344.25,344.75,343.75,344.5,692645
2026-07-30 13:45:00,342.25,344.0,342.25,344.0,1385899
2026-07-30 14:00:00,341.5,342.5,340.25,342.5,1799550
2026-07-30 14:15:00,341.25,342.25,340.75,341.25,655945
2026-07-30 14:30:00,341.25,341.5,340.25,341.25,508405
2026-07-30 14:45:00,338.75,341.25,338.25,341.0,1052929
2026-07-30 15:00:00,339.0,339.5,338.25,338.75,978432
2026-07-30 15:15:00,338.75,339.25,338.0,339.0,853961
2026-07-30 15:30:00,337.0,339.0,337.0,338.5,1085740
2026-07-30 15:45:00,335.75,337.5,335.5,337.0,1237309
2026-07-30 16:00:00,337.75,340.0,335.5,335.75,1692407
2026-07-30 16:15:00,337.75,338.25,337.25,337.75,644637
2026-07-30 16:30:00,338.0,339.0,337.5,337.75,937217
2026-07-30 16:45:00,337.5,339.0,337.5,338.0,880566
2026-07-30 17:00:00,338.25,339.25,337.0,337.5,1153620
2026-07-30 17:15:00,338.0,338.5,337.25,338.25,676484
2026-07-30 17:30:00,337.5,338.5,337.25,338.0,876976
2026-07-30 17:45:00,337.5,337.75,336.5,337.25,1844532
2026-07-31 09:45:00,341.0,341.0,341.0,341.0,0
2026-07-31 10:00:00,345.25,345.75,339.75,341.0,3988814
2026-07-31 10:15:00,345.0,347.0,344.25,345.0,2831044
2026-07-31 10:30:00,345.75,347.25,344.75,345.0,1832288
2026-07-31 10:45:00,347.0,347.75,345.5,345.5,1229238
2026-07-31 11:00:00,345.25,348.75,345.25,347.0,1603961
2026-07-31 11:15:00,347.75,348.25,345.25,345.5,991515
2026-07-31 11:30:00,346.75,348.25,346.5,348.0,618714
2026-07-31 11:45:00,347.25,347.5,346.25,346.75,588309
2026-07-31 12:00:00,346.5,348.25,345.25,347.5,1150763
2026-07-31 12:15:00,344.75,346.5,344.5,346.25,658262
2026-07-31 12:30:00,343.0,345.0,342.5,344.75,794247
2026-07-31 12:45:00,342.75,343.75,342.0,343.0,587881
2026-07-31 13:00:00,342.75,343.0,341.5,342.5,791244
2026-07-31 13:15:00,342.75,343.5,342.5,342.75,402120
2026-07-31 13:30:00,342.25,343.25,342.25,342.75,485170
2026-07-31 13:45:00,342.5,343.75,341.75,342.25,930287
2026-07-31 14:00:00,343.25,343.5,342.25,342.75,317094
2026-07-31 14:15:00,343.25,343.75,342.5,343.25,410780
2026-07-31 14:30:00,343.0,343.25,342.25,343.0,409377
2026-07-31 14:45:00,343.25,344.0,342.5,342.75,388742
2026-07-31 15:00:00,341.75,343.25,341.0,343.0,592786
2026-07-31 15:15:00,341.25,342.0,340.75,341.75,886943
2026-07-31 15:30:00,341.0,341.75,340.25,341.0,723572
2026-07-31 15:45:00,341.75,343.0,340.75,341.0,803241
2026-07-31 16:00:00,343.0,343.5,341.75,341.75,1399547
2026-07-31 16:15:00,344.25,344.5,342.75,343.0,975704
2026-07-31 16:30:00,342.5,344.5,341.75,344.25,813604
2026-07-31 16:45:00,342.5,342.75,341.25,342.75,673851
2026-07-31 17:00:00,341.5,342.75,341.5,342.5,767943
2026-07-31 17:15:00,341.5,342.75,341.25,342.0,399729
2026-07-31 17:45:00,341.75,341.75,341.25,341.75,85336
2026-08-03 09:45:00,344.0,344.0,344.0,344.0,0
2026-08-03 10:00:00,336.5,344.5,336.25,343.75,3672375
2026-08-03 10:15:00,335.0,337.75,333.25,336.75,2621765
2026-08-03 10:30:00,336.25,338.0,335.0,335.25,1354274
2026-08-03 10:45:00,333.75,336.75,333.5,336.0,1240873
2026-08-03 11:00:00,338.75,339.75,333.25,333.75,2473133
2026-08-03 11:15:00,339.25,339.5,337.5,338.5,740991
2026-08-03 11:30:00,339.25,340.0,338.5,339.5,560784
2026-08-03 11:45:00,338.0,339.75,337.5,339.25,741962
2026-08-03 12:00:00,336.5,338.0,335.5,338.0,1091017
2026-08-03 12:15:00,336.5,336.75,336.0,336.25,181864
2026-08-03 12:30:00,335.5,336.5,335.25,336.5,502770
2026-08-03 12:45:00,336.5,336.75,335.5,335.5,329597
2026-08-03 13:00:00,336.0,336.5,335.25,336.25,444657
2026-08-03 13:15:00,337.0,337.0,335.5,335.75,394040
2026-08-03 13:30:00,337.25,337.5,336.25,336.75,534341
2026-08-03 13:45:00,336.25,337.5,336.0,337.5,213900
2026-08-03 14:00:00,336.75,336.75,336.0,336.5,336245
2026-08-03 14:15:00,336.5,336.75,335.75,336.75,475133
2026-08-03 14:30:00,337.0,337.25,336.25,336.5,290028
2026-08-03 14:45:00,335.25,337.0,335.0,336.75,639003
2026-08-03 15:00:00,334.0,335.25,333.75,335.0,938269
2026-08-03 15:15:00,333.25,334.75,333.25,334.0,603995
2026-08-03 15:30:00,333.25,334.0,332.75,333.5,717444
2026-08-03 15:45:00,333.25,333.5,332.5,333.0,478932
2026-08-03 16:00:00,333.25,333.75,333.0,333.25,381735
2026-08-03 16:15:00,332.25,333.25,331.75,333.25,774019
2026-08-03 16:30:00,333.25,333.25,331.75,332.25,452751
2026-08-03 16:45:00,333.0,334.0,332.75,333.0,799034
2026-08-03 17:00:00,335.25,335.25,333.25,333.25,979830
2026-08-03 17:15:00,335.75,336.25,335.0,335.25,930665
2026-08-03 17:30:00,336.0,336.5,334.75,335.5,1162425
2026-08-03 17:45:00,335.5,337.0,335.5,336.0,2236748
2026-08-04 09:45:00,337.75,337.75,337.75,337.75,0
2026-08-04 10:00:00,345.75,346.5,336.5,337.75,5826694
2026-08-04 10:15:00,343.0,345.75,342.75,345.5,1315331
2026-08-04 10:30:00,344.0,344.25,341.75,343.0,1092096
2026-08-04 10:45:00,346.25,346.5,344.0,344.0,1423312
2026-08-04 11:00:00,348.0,348.0,346.0,346.25,1683596
2026-08-04 11:15:00,347.5,348.25,346.25,348.0,1467487
2026-08-04 11:30:00,347.0,347.75,346.25,347.5,603207
2026-08-04 11:45:00,346.5,347.0,344.75,346.75,1034275
2026-08-04 12:00:00,346.5,346.75,345.25,346.25,581863
2026-08-04 12:15:00,346.75,347.25,346.25,346.5,345810
2026-08-04 12:30:00,346.75,347.25,346.25,346.75,370202
2026-08-04 12:45:00,346.0,346.75,344.75,346.75,661083
2026-08-04 13:00:00,346.25,346.75,345.5,346.0,247457
2026-08-04 13:15:00,345.75,346.5,345.5,346.25,264949
2026-08-04 13:30:00,346.25,346.25,345.5,345.5,219477
2026-08-04 13:45:00,347.0,347.25,346.0,346.0,516212
2026-08-04 14:00:00,346.0,347.25,345.5,347.25,572025
2026-08-04 14:15:00,346.0,346.25,345.25,346.0,382732
2026-08-04 14:30:00,346.0,346.25,344.75,346.0,629789
2026-08-04 14:45:00,347.5,347.5,344.75,346.0,1936301
2026-08-04 15:00:00,347.0,347.5,346.0,347.5,530922
2026-08-04 15:15:00,348.5,348.75,346.75,347.0,1420829
2026-08-04 15:30:00,350.0,351.25,348.25,348.25,2145510
2026-08-04 15:45:00,349.75,350.5,348.75,350.0,958459
2026-08-04 16:00:00,348.25,349.75,347.25,349.75,815062
2026-08-04 16:15:00,349.75,350.0,348.0,348.25,397258
2026-08-04 16:30:00,348.75,349.75,348.75,349.75,460262
2026-08-04 16:45:00,349.25,349.75,348.5,348.75,268708
2026-08-04 17:00:00,350.5,350.75,349.0,349.25,838226
2026-08-04 17:15:00,350.25,351.25,350.0,350.5,600763
2026-08-04 17:30:00,349.5,350.5,349.0,350.0,458575
2026-08-04 17:45:00,350.0,350.5,349.25,349.25,805830
2026-08-05 09:45:00,354.0,354.0,354.0,354.0,0
2026-08-05 10:00:00,355.5,356.75,351.0,354.0,5585058
2026-08-05 10:15:00,357.25,358.5,354.0,355.25,3051213
2026-08-05 10:30:00,355.0,358.0,353.75,357.25,1558234
2026-08-05 10:45:00,357.75,358.25,354.5,355.0,1446721
2026-08-05 11:00:00,358.75,361.0,357.5,357.5,2155690
2026-08-05 11:15:00,359.75,361.5,358.5,358.75,1381694
2026-08-05 11:30:00,358.25,360.75,358.0,360.0,784790
2026-08-05 11:45:00,354.5,358.25,354.25,358.25,1747150
2026-08-05 12:00:00,355.5,356.5,353.5,354.5,1634023
2026-08-05 12:15:00,353.0,355.75,353.0,355.25,1064707
2026-08-05 12:30:00,352.75,353.5,351.5,353.0,1285763
2026-08-05 12:45:00,350.0,353.0,349.75,352.5,1455603
2026-08-05 13:00:00,349.75,351.0,349.0,350.0,1145213
2026-08-05 13:15:00,347.75,349.75,347.75,349.75,1059048
2026-08-05 13:30:00,346.0,348.75,344.75,347.75,2181541
2026-08-05 13:45:00,346.0,346.75,345.25,346.25,723574
2026-08-05 14:00:00,345.25,346.0,344.5,346.0,736823
2026-08-05 14:15:00,345.5,346.25,344.75,345.25,526527
2026-08-05 14:30:00,345.0,346.25,344.75,345.25,498037
2026-08-05 14:45:00,346.5,346.75,345.0,345.0,558620
2026-08-05 15:00:00,347.75,348.0,346.25,346.5,659920
2026-08-05 15:15:00,347.75,348.75,347.25,347.75,663614
2026-08-05 15:30:00,345.25,348.25,344.5,348.0,969614
2026-08-05 15:45:00,343.75,345.25,342.75,345.25,1406495
2026-08-05 16:00:00,342.75,344.0,341.5,343.75,1224750
2026-08-05 16:15:00,342.25,342.75,341.5,342.75,757222
2026-08-05 16:30:00,344.0,344.5,341.5,342.0,1038620
2026-08-05 16:45:00,343.5,344.25,342.25,344.0,436783
2026-08-05 17:00:00,345.5,345.75,343.25,343.25,1030713
2026-08-05 17:15:00,346.75,347.25,344.5,345.5,1273166
2026-08-05 17:30:00,347.25,348.75,346.5,346.5,1659330
2026-08-05 17:45:00,347.25,348.5,346.5,347.5,1328549
2026-08-06 09:45:00,346.75,346.75,346.75,346.75,0
2026-08-06 10:00:00,347.25,348.25,344.75,346.75,3223906
2026-08-06 10:15:00,347.75,348.75,346.0,347.25,1608099
2026-08-06 10:30:00,347.0,348.5,346.75,347.75,1302057
2026-08-06 10:45:00,347.25,348.0,346.5,347.0,768355
2026-08-06 11:00:00,346.25,347.25,345.25,347.25,889758
2026-08-06 11:15:00,347.0,347.25,346.0,346.5,587166
2026-08-06 11:30:00,348.75,349.25,346.75,347.0,1516848
2026-08-06 11:45:00,347.25,349.0,346.75,348.75,732874
2026-08-06 12:00:00,346.75,348.0,346.25,347.0,511197
2026-08-06 12:15:00,348.75,349.0,346.5,346.75,913078
2026-08-06 12:30:00,348.5,349.75,348.25,348.5,954152
2026-08-06 12:45:00,353.0,353.25,348.5,348.5,1697559
2026-08-06 13:00:00,353.75,354.75,352.75,353.0,1853738
2026-08-06 13:15:00,354.5,355.25,353.25,354.0,1315082
2026-08-06 13:30:00,357.0,357.5,354.5,354.75,1422010
2026-08-06 13:45:00,358.75,359.25,356.25,357.0,1832556
2026-08-06 14:00:00,358.0,359.25,357.25,358.75,1416996
2026-08-06 14:15:00,358.75,359.0,357.5,358.25,676110
2026-08-06 14:30:00,358.25,359.75,358.0,358.75,1381687
2026-08-06 14:45:00,357.75,358.5,356.75,358.25,907381
2026-08-06 15:00:00,356.0,357.75,356.0,357.5,612153
2026-08-06 15:15:00,356.5,356.75,355.75,356.25,509973
2026-08-06 15:30:00,355.0,356.75,355.0,356.5,606180
2026-08-06 15:45:00,355.5,356.0,355.0,355.0,486589
2026-08-06 16:00:00,356.25,356.5,355.0,355.25,479906
2026-08-06 16:15:00,358.0,358.25,356.0,356.25,1106852
2026-08-06 16:30:00,360.0,360.25,358.0,358.0,2353754
2026-08-06 16:45:00,360.0,361.75,359.5,360.0,1883098
2026-08-06 17:00:00,363.5,364.0,359.75,360.0,2440950
2026-08-06 17:15:00,362.75,363.75,362.0,363.25,1130568
2026-08-06 17:30:00,363.0,364.25,362.5,362.5,1526581
2026-08-06 17:45:00,363.75,364.5,362.75,363.25,1732759
2026-08-07 09:45:00,365.0,365.0,365.0,365.0,0
2026-08-07 10:00:00,366.5,368.25,364.0,365.0,3650714
2026-08-07 10:15:00,366.25,368.5,366.0,366.25,2625003
2026-08-07 10:30:00,367.0,367.75,365.75,366.25,1116821
2026-08-07 10:45:00,366.25,367.75,365.5,367.25,848576
2026-08-07 11:00:00,365.75,366.75,364.0,366.0,1278988
2026-08-07 11:15:00,363.25,365.75,362.75,365.5,1008268
2026-08-07 11:30:00,360.75,363.25,359.75,363.25,1873544
2026-08-07 11:45:00,358.25,361.25,357.75,360.75,1396179
2026-08-07 12:00:00,359.5,360.5,357.0,358.0,1252705
2026-08-07 12:15:00,358.75,360.0,358.5,359.5,489748
2026-08-07 12:30:00,358.25,358.75,357.25,358.75,260809
2026-08-07 12:45:00,356.0,358.25,356.0,358.25,914331
2026-08-07 13:00:00,357.0,357.25,355.5,356.25,636871
2026-08-07 13:15:00,356.75,357.5,356.25,357.0,449304
2026-08-07 13:30:00,357.5,357.5,356.0,357.0,369550
2026-08-07 13:45:00,357.0,359.25,356.75,357.5,802115
2026-08-07 14:00:00,359.5,360.0,356.25,356.75,931182
2026-08-07 14:15:00,358.25,359.75,357.75,359.5,780924
2026-08-07 14:30:00,358.5,358.75,357.0,358.0,596090
2026-08-07 14:45:00,359.75,360.0,358.0,358.5,620016
2026-08-07 15:00:00,356.75,360.5,356.25,360.0,1411437
2026-08-07 15:15:00,357.25,358.0,356.5,356.75,388073
2026-08-07 15:30:00,358.0,358.25,356.5,357.25,648715
2026-08-07 15:45:00,356.5,358.0,355.75,358.0,728789
2026-08-07 16:00:00,356.0,356.75,355.5,356.75,684438
2026-08-07 16:15:00,354.5,356.25,354.0,356.0,1180773
2026-08-07 16:30:00,354.0,354.75,353.25,354.5,656747
2026-08-07 16:45:00,353.25,354.25,353.0,354.0,658623
2026-08-07 17:00:00,351.0,354.0,350.75,353.5,1247571
2026-08-07 17:15:00,354.25,355.0,350.5,350.75,1571095
2026-08-07 17:30:00,354.5,355.75,353.75,354.25,1232031
2026-08-07 17:45:00,355.0,355.25,354.0,354.5,1039675
2026-08-10 09:45:00,354.0,354.0,354.0,354.0,0
2026-08-10 10:00:00,353.75,355.0,349.5,354.0,2834039
2026-08-10 10:15:00,354.75,355.5,353.5,353.75,1250055
2026-08-10 10:30:00,354.75,355.0,353.5,354.75,607576
2026-08-10 10:45:00,360.25,360.25,354.25,354.75,2367015
2026-08-10 11:00:00,360.0,361.75,359.25,360.0,1846097
2026-08-10 11:15:00,362.0,362.5,360.0,360.0,1153849
2026-08-10 11:30:00,361.0,362.5,360.25,362.0,1090215
2026-08-10 11:45:00,360.5,361.0,359.5,360.75,664960
2026-08-10 12:00:00,360.5,361.0,359.75,360.5,425746
2026-08-10 12:15:00,359.5,360.5,359.25,360.25,218593
2026-08-10 12:30:00,358.5,359.75,358.25,359.25,661139
2026-08-10 12:45:00,358.5,359.25,357.75,358.5,467270
2026-08-10 13:00:00,359.0,359.0,357.5,358.25,425243
2026-08-10 13:15:00,359.5,359.75,358.75,358.75,252546
2026-08-10 13:30:00,359.0,360.25,359.0,359.25,319925
2026-08-10 13:45:00,359.0,359.25,358.5,359.25,223396
2026-08-10 14:00:00,358.75,359.25,357.5,359.0,497433
2026-08-10 14:15:00,357.0,359.0,357.0,358.75,330468
2026-08-10 14:30:00,359.25,359.5,357.0,357.0,493658
2026-08-10 14:45:00,358.75,359.5,358.75,359.25,150811
2026-08-10 15:00:00,358.0,359.0,357.75,359.0,132994
2026-08-10 15:15:00,358.0,358.25,357.5,358.0,317412
2026-08-10 15:30:00,358.25,358.5,357.25,357.75,544385
2026-08-10 15:45:00,359.0,359.25,357.75,358.0,523107
2026-08-10 16:00:00,358.0,359.5,357.75,358.75,390969
2026-08-10 16:15:00,357.0,358.5,356.5,358.0,443321
2026-08-10 16:30:00,357.75,358.5,356.0,357.25,928607
2026-08-10 16:45:00,356.0,357.75,355.5,357.5,553819
2026-08-10 17:00:00,357.0,357.25,355.5,355.75,553005
2026-08-10 17:15:00,356.5,357.25,356.25,357.25,363310
2026-08-10 17:30:00,357.75,358.0,356.5,356.75,850584
2026-08-10 17:45:00,356.5,358.0,356.0,357.5,1610169
2026-08-11 09:45:00,355.25,355.25,355.25,355.25,0
2026-08-11 10:00:00,350.75,355.25,349.25,355.0,2841813
2026-08-11 10:15:00,349.25,351.25,347.0,350.75,2146816
2026-08-11 10:30:00,348.25,349.75,347.75,349.25,1154868
2026-08-11 10:45:00,350.25,350.25,347.75,348.25,975835
2026-08-11 11:00:00,348.5,350.0,348.0,350.0,643528
2026-08-11 11:15:00,349.25,349.5,347.25,348.5,698393
2026-08-11 11:30:00,348.75,349.75,348.5,349.25,455945
2026-08-11 11:45:00,347.75,348.75,347.5,348.75,952462
2026-08-11 12:00:00,347.75,348.25,346.75,347.75,647924
2026-08-11 12:15:00,351.0,351.25,347.0,347.75,1441252
2026-08-11 12:30:00,352.75,353.25,350.75,351.25,1330529
2026-08-11 12:45:00,351.25,353.75,351.0,352.75,673482
2026-08-11 13:00:00,350.5,351.25,350.25,351.25,436577
2026-08-11 13:15:00,349.5,350.75,349.0,350.5,299464
2026-08-11 13:30:00,350.0,351.0,349.0,349.25,285226
2026-08-11 13:45:00,349.75,350.25,349.0,350.0,311478
2026-08-11 14:00:00,350.5,351.5,349.5,349.75,495456
2026-08-11 14:15:00,348.75,351.0,348.25,350.75,517830
2026-08-11 14:30:00,349.5,350.25,348.25,348.5,790150
2026-08-11 14:45:00,349.5,350.25,349.0,349.5,430109
2026-08-11 15:00:00,350.25,350.5,348.75,349.5,393412
2026-08-11 15:15:00,352.5,352.75,349.5,350.0,815341
2026-08-11 15:30:00,354.25,354.75,352.0,352.5,1052928
2026-08-11 15:45:00,353.25,355.75,353.25,354.25,844117
2026-08-11 16:00:00,355.25,355.75,353.25,353.25,825866
2026-08-11 16:15:00,356.75,357.75,354.75,355.0,1161249
2026-08-11 16:30:00,356.25,357.5,355.5,356.75,714318
2026-08-11 16:45:00,355.25,356.25,353.75,356.0,638360
2026-08-11 17:00:00,354.5,355.5,354.0,355.0,317040
2026-08-11 17:15:00,354.25,354.75,353.25,354.5,422658
2026-08-11 17:30:00,355.0,355.5,354.0,354.0,549398
2026-08-11 17:45:00,354.75,355.5,354.25,355.0,1138007
2026-08-12 09:45:00,361.0,361.0,361.0,361.0,0
2026-08-12 10:00:00,370.5,371.5,360.0,361.0,7808698
2026-08-12 10:15:00,371.0,373.25,368.5,370.25,4851066
2026-08-12 10:30:00,367.75,371.25,367.5,371.25,2160708
2026-08-12 10:45:00,366.5,368.0,366.25,367.75,1381993
2026-08-12 11:00:00,367.0,368.25,365.75,366.75,1488941
2026-08-12 11:15:00,367.5,367.75,365.25,367.0,995961
2026-08-12 11:30:00,368.25,368.75,367.0,367.5,938030
2026-08-12 11:45:00,368.75,368.75,367.25,368.0,1174744
2026-08-12 12:00:00,370.0,371.0,368.25,368.75,1640513
2026-08-12 12:15:00,370.0,371.5,369.5,369.75,892469
2026-08-12 12:30:00,369.75,370.5,369.5,370.25,588387
2026-08-12 12:45:00,369.5,370.25,369.25,369.75,429919
2026-08-12 13:00:00,371.0,371.75,369.0,369.5,1087552
2026-08-12 13:15:00,370.25,371.75,370.0,371.25,514689
2026-08-12 13:30:00,370.25,370.5,369.5,370.25,328476
2026-08-12 13:45:00,370.5,371.0,370.0,370.25,505653
2026-08-12 14:00:00,371.25,371.75,370.5,370.5,800183
2026-08-12 14:15:00,373.0,373.25,371.0,371.25,1676859
2026-08-12 14:30:00,374.0,374.5,372.5,373.0,1752450
2026-08-12 14:45:00,374.75,375.5,373.0,373.75,1955338
2026-08-12 15:00:00,376.75,377.5,374.5,374.5,2745497
2026-08-12 15:15:00,375.25,377.75,374.25,376.75,1816339
2026-08-12 15:30:00,374.75,375.5,372.5,375.25,1541777
2026-08-12 15:45:00,375.25,376.5,374.0,375.0,1471543
2026-08-12 16:00:00,379.5,379.75,375.0,375.0,2256271
2026-08-12 16:15:00,381.0,382.0,379.5,379.5,2419232
2026-08-12 16:30:00,380.5,381.25,379.5,381.0,1405605
2026-08-12 16:45:00,382.0,382.75,380.0,380.5,1855082
2026-08-12 17:00:00,380.75,382.75,380.5,382.0,1763962
2026-08-12 17:15:00,380.0,381.0,378.25,380.75,1592280
2026-08-12 17:30:00,381.5,382.75,379.5,380.0,2074379
2026-08-12 17:45:00,381.0,382.0,380.0,381.5,1562047
2026-08-13 09:45:00,379.5,379.5,379.5,379.5,0
2026-08-13 10:00:00,387.0,389.75,378.25,379.5,5732283
2026-08-13 10:15:00,387.5,388.5,386.0,387.0,1603837
2026-08-13 10:30:00,386.5,388.25,385.25,387.5,1454617
2026-08-13 10:45:00,384.0,386.5,383.5,386.5,1414606
2026-08-13 11:00:00,384.25,384.75,382.0,384.0,1980562
2026-08-13 11:15:00,384.25,385.0,383.0,384.5,686215
2026-08-13 11:30:00,384.0,385.0,383.5,384.25,750956
2026-08-13 11:45:00,382.5,384.25,382.0,384.0,493814
2026-08-13 12:00:00,384.75,385.0,381.5,382.75,1079544
2026-08-13 12:15:00,387.75,388.25,384.5,384.75,1422677
2026-08-13 12:30:00,390.5,391.0,387.5,387.75,2172123
2026-08-13 12:45:00,389.75,390.75,388.25,390.5,953252
2026-08-13 13:00:00,389.5,390.5,389.0,389.5,879466
2026-08-13 13:15:00,388.75,389.75,387.75,389.25,857427
2026-08-13 13:30:00,388.75,389.5,388.5,388.75,373829
2026-08-13 13:45:00,390.0,390.0,388.75,388.75,431466
2026-08-13 14:00:00,389.25,390.25,388.5,389.75,474100
2026-08-13 14:15:00,388.5,390.0,388.25,389.0,562586
2026-08-13 14:30:00,388.5,389.5,388.25,388.5,363556
2026-08-13 14:45:00,389.25,389.75,388.5,388.5,358993
2026-08-13 15:00:00,390.0,390.25,389.0,389.5,901152
2026-08-13 15:15:00,388.5,390.5,388.25,390.0,865349
2026-08-13 15:30:00,389.75,389.75,388.5,388.5,428415
2026-08-13 15:45:00,390.5,390.75,389.25,389.75,936096
2026-08-13 16:00:00,394.0,394.75,390.25,390.25,3053955
2026-08-13 16:15:00,394.0,394.5,392.75,394.0,1101747
2026-08-13 16:30:00,391.75,394.25,391.75,394.25,874825
2026-08-13 16:45:00,392.0,392.25,391.25,392.0,755346
2026-08-13 17:00:00,392.25,393.0,391.5,392.0,739779
2026-08-13 17:15:00,393.75,394.5,391.75,392.25,1034263
2026-08-13 17:30:00,394.0,394.0,392.25,393.5,1102774
2026-08-13 17:45:00,394.25,394.75,392.5,393.75,2020163
2026-08-14 09:45:00,398.25,398.25,398.25,398.25,0
2026-08-14 10:00:00,404.75,406.0,396.25,398.0,7306604
2026-08-14 10:15:00,405.25,407.5,404.5,404.75,3878137
2026-08-14 10:30:00,402.5,406.75,400.75,405.5,4339680
2026-08-14 10:45:00,400.0,402.5,399.0,402.5,3039635
2026-08-14 11:00:00,398.5,400.75,396.5,400.0,2812736
2026-08-14 11:15:00,399.0,399.25,396.25,398.5,2464203
2026-08-14 11:30:00,402.0,402.25,398.5,399.0,1920655
2026-08-14 11:45:00,402.0,403.75,401.25,402.0,2619642
2026-08-14 12:00:00,399.5,402.75,399.25,402.25,1780445
2026-08-14 12:15:00,396.75,399.5,395.5,399.25,1833358
2026-08-14 12:30:00,399.0,399.25,396.0,397.0,1362148
2026-08-14 12:45:00,398.0,399.25,397.0,398.75,880777
2026-08-14 13:00:00,398.5,398.5,397.5,398.0,405861
2026-08-14 13:15:00,398.0,398.75,397.5,398.75,438815
2026-08-14 13:30:00,398.5,398.75,397.75,398.25,343128
2026-08-14 13:45:00,398.5,398.5,397.75,398.25,517245
2026-08-14 14:00:00,399.0,399.25,398.0,398.5,579999
2026-08-14 14:15:00,399.25,399.5,398.5,399.0,637180
2026-08-14 14:30:00,395.5,399.75,395.0,399.0,1684412
2026-08-14 14:45:00,393.25,396.25,392.5,395.75,1636372
2026-08-14 15:00:00,392.25,394.5,391.75,393.25,1045653
2026-08-14 15:15:00,390.75,392.5,389.5,392.5,2002048
2026-08-14 15:30:00,392.5,392.5,390.0,390.5,914884
2026-08-14 15:45:00,392.25,392.5,390.5,392.25,694554
2026-08-14 16:00:00,392.75,393.0,391.75,392.25,567430
2026-08-14 16:15:00,392.5,393.25,391.5,393.0,666524
2026-08-14 16:30:00,392.5,393.5,392.0,392.75,701140
2026-08-14 16:45:00,391.0,392.75,390.5,392.5,741344
2026-08-14 17:00:00,392.75,393.0,390.5,391.0,764604
2026-08-14 17:15:00,393.5,393.5,391.25,392.5,1224557
2026-08-14 17:30:00,391.75,393.5,391.5,393.5,849609
2026-08-14 17:45:00,388.5,392.0,387.75,392.0,2518661
2026-08-17 09:45:00,387.5,387.5,387.5,387.5,0
2026-08-17 10:00:00,385.75,391.5,385.0,387.25,3020515
2026-08-17 10:15:00,391.75,394.0,385.5,385.75,2790353
2026-08-17 10:30:00,389.75,392.5,388.75,392.0,1281270
2026-08-17 10:45:00,388.25,389.75,386.0,389.75,942715
2026-08-17 11:00:00,388.25,388.5,386.75,388.25,772136
2026-08-17 11:15:00,388.75,389.0,388.0,388.25,290995
2026-08-17 11:30:00,387.5,389.5,387.5,388.75,383361
2026-08-17 11:45:00,388.0,389.0,387.25,387.5,340170
2026-08-17 12:00:00,387.5,388.0,386.75,388.0,842261
2026-08-17 12:15:00,387.25,387.5,386.5,387.5,404395
2026-08-17 12:30:00,386.75,387.25,386.0,387.25,567780
2026-08-17 12:45:00,386.75,387.25,385.0,387.0,640378
2026-08-17 13:00:00,387.25,388.25,386.5,386.75,471482
2026-08-17 13:15:00,387.25,387.5,386.25,387.25,384693
2026-08-17 13:30:00,384.5,387.25,383.75,387.25,953722
2026-08-17 13:45:00,383.75,385.75,383.5,384.5,552184
2026-08-17 14:00:00,383.75,385.0,383.5,383.75,595958
2026-08-17 14:15:00,381.25,383.75,381.0,383.75,1021674
2026-08-17 14:30:00,383.75,384.75,380.5,381.25,1692334
2026-08-17 14:45:00,384.0,385.5,383.0,383.5,838075
2026-08-17 15:00:00,383.75,384.75,383.5,384.0,507728
2026-08-17 15:15:00,383.0,384.25,383.0,383.5,505729
2026-08-17 15:30:00,382.0,383.25,381.75,383.25,540248
2026-08-17 15:45:00,382.25,382.75,381.75,382.0,286942
2026-08-17 16:00:00,386.75,386.75,382.25,382.5,1223436
2026-08-17 16:15:00,389.0,389.25,385.0,386.5,2177697
2026-08-17 16:30:00,390.0,391.25,388.75,389.0,2090098
2026-08-17 16:45:00,389.5,390.75,388.5,390.25,1159727
2026-08-17 17:00:00,389.75,391.0,389.0,389.25,886571
2026-08-17 17:15:00,389.5,391.0,389.0,390.0,630545
2026-08-17 17:30:00,388.25,391.0,387.25,389.5,2504968
2026-08-17 17:45:00,388.75,391.0,388.0,388.25,1336011
2026-08-18 09:45:00,388.5,388.5,388.5,388.5,0
2026-08-18 10:00:00,386.25,390.0,383.5,388.25,2705365
2026-08-18 10:15:00,388.75,389.0,384.75,386.5,1422451
2026-08-18 10:30:00,390.0,390.0,387.25,388.75,1177540
2026-08-18 10:45:00,387.5,390.0,387.0,390.0,671284
2026-08-18 11:00:00,387.0,388.0,386.5,387.5,551095
2026-08-18 11:15:00,387.0,388.0,386.25,387.0,362260
2026-08-18 11:30:00,383.75,387.25,382.0,386.75,2201576
2026-08-18 11:45:00,381.5,384.0,381.0,383.5,1159664
2026-08-18 12:00:00,381.0,381.5,378.75,381.5,1923276
2026-08-18 12:15:00,381.0,383.5,380.25,381.0,1742028
2026-08-18 12:30:00,379.75,383.0,379.75,381.0,615999
2026-08-18 12:45:00,381.75,381.75,379.75,380.0,665098
2026-08-18 13:00:00,381.0,382.5,380.75,381.75,479499
2026-08-18 13:15:00,382.5,382.5,381.0,381.25,276563
2026-08-18 13:30:00,382.5,384.0,381.75,382.5,779749
2026-08-18 13:45:00,381.75,383.5,381.5,382.5,551521
2026-08-18 14:00:00,382.0,382.5,381.25,381.75,255841
2026-08-18 14:15:00,380.5,382.0,380.25,382.0,340713
2026-08-18 14:30:00,381.0,382.25,380.0,380.5,442144
2026-08-18 14:45:00,383.0,383.25,380.25,381.25,603798
2026-08-18 15:00:00,381.75,383.0,381.25,383.0,477405
2026-08-18 15:15:00,381.25,382.25,381.0,382.0,249082
2026-08-18 15:30:00,383.25,383.5,381.0,381.25,519410
2026-08-18 15:45:00,381.75,383.25,381.5,383.0,586905
2026-08-18 16:00:00,382.75,383.0,381.5,381.75,292819
2026-08-18 16:15:00,381.25,383.5,379.75,383.0,962803
2026-08-18 16:30:00,381.5,381.75,380.25,381.0,441212
2026-08-18 16:45:00,382.0,382.25,380.75,381.5,268582
2026-08-18 17:00:00,381.0,382.5,381.0,382.25,537283
2026-08-18 17:15:00,381.5,382.0,380.5,381.25,458376
2026-08-18 17:30:00,382.5,383.25,381.25,381.5,1153650
2026-08-18 17:45:00,381.0,383.25,380.5,382.5,1544267
2026-08-19 09:45:00,380.5,380.5,380.5,380.5,0
2026-08-19 10:00:00,383.0,383.75,379.0,380.5,2249435
2026-08-19 10:15:00,383.75,386.5,382.75,383.0,1667309
2026-08-19 10:30:00,387.0,388.5,383.5,383.75,1633010
2026-08-19 10:45:00,387.75,387.75,386.5,387.25,566272
